job_title,experience_level,state,n_postings,p25_salary,median_salary,p75_salary,avg_salary,avg_min,avg_max,salary_range
Backend Developer,Entry (0-2 yrs),AZ,27,75500,80000,86500,83111,70259,94259,24000
Backend Developer,Entry (0-2 yrs),CA,80,113000,124500,141250,125725,105125,143450,38325
Backend Developer,Entry (0-2 yrs),CO,24,81250,89000,108750,93542,79208,108250,29042
Backend Developer,Entry (0-2 yrs),DC,18,89000,107500,116750,106667,89500,123000,33500
Backend Developer,Entry (0-2 yrs),FL,18,82250,92000,104000,94000,79778,108611,28833
Backend Developer,Entry (0-2 yrs),GA,23,80500,87000,94500,87043,74609,99435,24826
Backend Developer,Entry (0-2 yrs),IL,23,89000,97000,106000,98174,82739,112652,29913
Backend Developer,Entry (0-2 yrs),MA,36,100000,110000,123000,110444,93083,126194,33111
Backend Developer,Entry (0-2 yrs),MN,16,78500,90000,94250,87625,72625,101062,28437
Backend Developer,Entry (0-2 yrs),NY,72,111000,122500,140000,124264,105792,142792,37000
Backend Developer,Entry (0-2 yrs),OR,22,82250,90000,103250,93864,80091,106318,26227
Backend Developer,Entry (0-2 yrs),Remote,68,79000,86500,94000,87088,72882,99456,26574
Backend Developer,Entry (0-2 yrs),TX,48,84750,93500,107500,95167,80646,109021,28375
Backend Developer,Entry (0-2 yrs),WA,59,105000,112000,118000,110000,91763,126017,34254
Backend Developer,Executive (15+ yrs),AZ,3,254500,273000,301000,279333,240000,314333,74333
Backend Developer,Executive (15+ yrs),CA,13,310000,348000,373000,348846,298154,391615,93461
Backend Developer,Executive (15+ yrs),CO,7,241000,250000,281000,266143,221429,299429,78000
Backend Developer,Executive (15+ yrs),DC,6,276500,284500,321000,293667,247833,334833,87000
Backend Developer,Executive (15+ yrs),FL,7,200000,212000,241500,225000,186429,254857,68428
Backend Developer,Executive (15+ yrs),GA,10,230000,247500,262750,248800,209800,284900,75100
Backend Developer,Executive (15+ yrs),IL,6,227250,263500,311000,268667,230667,312167,81500
Backend Developer,Executive (15+ yrs),MA,3,315000,362000,388000,348000,288333,407000,118667
Backend Developer,Executive (15+ yrs),MN,4,235500,254000,267250,248750,207500,287250,79750
Backend Developer,Executive (15+ yrs),NY,14,291500,329500,354500,327286,283571,376786,93215
Backend Developer,Executive (15+ yrs),OR,5,282000,287000,299000,284800,235800,331400,95600
Backend Developer,Executive (15+ yrs),Remote,16,216000,238500,253750,233500,197625,267500,69875
Backend Developer,Executive (15+ yrs),TX,12,245000,261500,298250,262167,221583,303417,81834
Backend Developer,Executive (15+ yrs),WA,19,317500,340000,376000,344421,292632,395211,102579
Backend Developer,Lead (10-15 yrs),AZ,6,153250,163000,172750,168500,141833,193167,51334
Backend Developer,Lead (10-15 yrs),CA,37,244000,276000,304000,272108,231432,312865,81433
Backend Developer,Lead (10-15 yrs),CO,12,176500,194500,230000,202250,171167,232667,61500
Backend Developer,Lead (10-15 yrs),DC,6,197000,219000,237250,225333,191333,254000,62667
Backend Developer,Lead (10-15 yrs),FL,9,179000,196000,233000,197222,166222,230333,64111
Backend Developer,Lead (10-15 yrs),GA,14,183250,199500,220000,201286,169214,229286,60072
Backend Developer,Lead (10-15 yrs),IL,15,192500,205000,236500,214600,184667,248800,64133
Backend Developer,Lead (10-15 yrs),MA,12,215750,245000,271000,244917,210000,280000,70000
Backend Developer,Lead (10-15 yrs),MN,11,156000,176000,212000,182909,155909,209000,53091
Backend Developer,Lead (10-15 yrs),NY,33,220000,262000,297000,260758,220727,299667,78940
Backend Developer,Lead (10-15 yrs),OR,8,205250,237000,244750,227125,196000,262250,66250
Backend Developer,Lead (10-15 yrs),Remote,36,179500,199000,223250,198139,169111,229056,59945
Backend Developer,Lead (10-15 yrs),TX,19,182500,197000,241000,208263,179000,241105,62105
Backend Developer,Lead (10-15 yrs),WA,27,209000,250000,279000,246667,208556,283000,74444
Backend Developer,Mid (3-5 yrs),AZ,36,92500,100500,119500,107639,90250,122361,32111
Backend Developer,Mid (3-5 yrs),CA,137,139000,158000,177000,159219,135438,183051,47613
Backend Developer,Mid (3-5 yrs),CO,45,109000,131000,145000,127533,108089,146511,38422
Backend Developer,Mid (3-5 yrs),DC,48,121750,141000,150750,137250,116250,157167,40917
Backend Developer,Mid (3-5 yrs),FL,29,109000,117000,132000,121862,104621,140138,35517
Backend Developer,Mid (3-5 yrs),GA,38,108000,116000,127750,118500,99105,134789,35684
Backend Developer,Mid (3-5 yrs),IL,57,109000,126000,142000,127456,108719,146737,38018
Backend Developer,Mid (3-5 yrs),MA,32,118500,137500,163000,138750,117562,158531,40969
Backend Developer,Mid (3-5 yrs),MN,35,99000,108000,128000,113800,95486,131886,36400
Backend Developer,Mid (3-5 yrs),NY,95,148500,164000,181500,166116,140358,191305,50947
Backend Developer,Mid (3-5 yrs),OR,46,113250,121500,139000,124848,105652,143239,37587
Backend Developer,Mid (3-5 yrs),Remote,104,101750,112000,129000,114837,96135,132144,36009
Backend Developer,Mid (3-5 yrs),TX,87,112500,127000,143500,126621,107966,145046,37080
Backend Developer,Mid (3-5 yrs),WA,98,133250,150500,166750,150357,127112,171704,44592
Backend Developer,Senior (6-9 yrs),AZ,38,128000,147000,163750,147921,125342,169605,44263
Backend Developer,Senior (6-9 yrs),CA,97,193000,223000,258000,223072,189113,257392,68279
Backend Developer,Senior (6-9 yrs),CO,42,133500,158000,179250,157643,133762,181476,47714
Backend Developer,Senior (6-9 yrs),DC,26,162250,185000,201750,183808,157308,212077,54769
Backend Developer,Senior (6-9 yrs),FL,36,149250,166500,178750,166333,139944,190750,50806
Backend Developer,Senior (6-9 yrs),GA,38,141750,163500,181000,161632,137447,184421,46974
Backend Developer,Senior (6-9 yrs),IL,34,152250,170500,190250,172235,144735,199000,54265
Backend Developer,Senior (6-9 yrs),MA,28,171750,187500,206000,190286,161821,218571,56750
Backend Developer,Senior (6-9 yrs),MN,33,134000,151000,164000,153000,129606,176121,46515
Backend Developer,Senior (6-9 yrs),NY,65,195000,219000,239000,220046,189077,250492,61415
Backend Developer,Senior (6-9 yrs),OR,30,147000,164500,190750,168000,140933,192100,51167
Backend Developer,Senior (6-9 yrs),Remote,108,141500,158000,176000,158722,134815,182519,47704
Backend Developer,Senior (6-9 yrs),TX,70,149250,170000,188000,170057,144271,195400,51129
Backend Developer,Senior (6-9 yrs),WA,72,173750,203500,224000,200736,170903,231083,60180
Business Analyst,Entry (0-2 yrs),AZ,21,57000,65000,72000,65857,54905,74476,19571
Business Analyst,Entry (0-2 yrs),CA,97,80000,90000,102000,91763,77443,104825,27382
Business Analyst,Entry (0-2 yrs),CO,25,65000,67000,75000,69880,59120,80400,21280
Business Analyst,Entry (0-2 yrs),DC,22,71500,83000,91750,82000,70045,92318,22273
Business Analyst,Entry (0-2 yrs),FL,34,66000,74000,81000,73853,62412,83147,20735
Business Analyst,Entry (0-2 yrs),GA,28,60000,68000,73250,66786,56571,76321,19750
Business Analyst,Entry (0-2 yrs),IL,29,65000,71000,78000,70931,59862,81345,21483
Business Analyst,Entry (0-2 yrs),MA,21,71000,84000,88000,81619,70048,94190,24142
Business Analyst,Entry (0-2 yrs),MN,23,56500,66000,74000,66391,56478,75261,18783
Business Analyst,Entry (0-2 yrs),NY,60,83750,94000,102250,93633,79283,106833,27550
Business Analyst,Entry (0-2 yrs),OR,17,71000,72000,86000,76471,64176,86353,22177
Business Analyst,Entry (0-2 yrs),Remote,77,56000,65000,71000,64519,54078,73948,19870
Business Analyst,Entry (0-2 yrs),TX,53,64000,71000,79000,73094,61283,83170,21887
Business Analyst,Entry (0-2 yrs),WA,59,76500,87000,95500,87068,72881,99305,26424
Business Analyst,Executive (15+ yrs),AZ,6,157750,176500,195250,175333,147500,201833,54333
Business Analyst,Executive (15+ yrs),CA,19,215500,247000,265500,249737,214368,284684,70316
Business Analyst,Executive (15+ yrs),CO,6,162250,198000,215000,193667,169667,226000,56333
Business Analyst,Executive (15+ yrs),DC,4,182250,223500,264250,223000,187500,253500,66000
Business Analyst,Executive (15+ yrs),GA,10,187750,209500,220500,206400,175100,238100,63000
Business Analyst,Executive (15+ yrs),IL,4,182750,201500,217250,198500,159750,222500,62750
Business Analyst,Executive (15+ yrs),MA,10,208000,216000,240250,223600,189400,252500,63100
Business Analyst,Executive (15+ yrs),MN,6,168250,179500,202750,182167,152833,207167,54334
Business Analyst,Executive (15+ yrs),NY,20,235000,255500,279000,264000,223600,300800,77200
Business Analyst,Executive (15+ yrs),OR,9,178000,202000,215000,199222,164778,226444,61666
Business Analyst,Executive (15+ yrs),Remote,19,173000,194000,211000,195947,167684,223947,56263
Business Analyst,Executive (15+ yrs),TX,12,192000,203000,227250,206167,179417,234667,55250
Business Analyst,Executive (15+ yrs),WA,19,222500,240000,257500,250421,212368,288368,76000
Business Analyst,Lead (10-15 yrs),AZ,12,119250,150000,167750,147583,125083,168083,43000
Business Analyst,Lead (10-15 yrs),CA,33,190000,211000,224000,208364,177000,236667,59667
Business Analyst,Lead (10-15 yrs),CO,14,148000,158000,171500,161071,138000,187429,49429
Business Analyst,Lead (10-15 yrs),DC,16,150000,180500,194000,175188,148062,200250,52188
Business Analyst,Lead (10-15 yrs),FL,13,144000,147000,183000,159769,133308,181692,48384
Business Analyst,Lead (10-15 yrs),GA,8,136750,146000,158000,148500,128250,168250,40000
Business Analyst,Lead (10-15 yrs),IL,14,145250,156500,169250,159429,133429,184286,50857
Business Analyst,Lead (10-15 yrs),MA,10,182500,208500,212250,206300,174300,239600,65300
Business Analyst,Lead (10-15 yrs),MN,16,138000,146000,160000,150625,128188,176812,48624
Business Analyst,Lead (10-15 yrs),NY,19,176500,198000,220500,197158,166368,228737,62369
Business Analyst,Lead (10-15 yrs),OR,8,156250,166000,186250,170750,142500,193625,51125
Business Analyst,Lead (10-15 yrs),Remote,31,135000,153000,168500,151419,129290,172645,43355
Business Analyst,Lead (10-15 yrs),TX,27,139000,163000,188500,165074,140185,189519,49334
Business Analyst,Lead (10-15 yrs),WA,22,164250,180000,202750,185455,156909,211409,54500
Business Analyst,Mid (3-5 yrs),AZ,35,78000,84000,94000,85914,72971,97829,24858
Business Analyst,Mid (3-5 yrs),CA,150,111000,125500,140750,125880,106880,144520,37640
Business Analyst,Mid (3-5 yrs),CO,34,80500,90000,96750,90265,77235,103382,26147
Business Analyst,Mid (3-5 yrs),DC,38,96250,104000,110750,105658,89421,121079,31658
Business Analyst,Mid (3-5 yrs),FL,48,79750,91500,104000,91938,78542,105042,26500
Business Analyst,Mid (3-5 yrs),GA,32,79000,86500,92500,87688,73250,100625,27375
Business Analyst,Mid (3-5 yrs),IL,48,86000,99500,106000,96750,81625,111062,29437
Business Analyst,Mid (3-5 yrs),MA,30,94250,106500,124500,110300,92900,127533,34633
Business Analyst,Mid (3-5 yrs),MN,36,77000,85500,94250,85139,72806,97611,24805
Business Analyst,Mid (3-5 yrs),NY,108,107750,124000,136000,123963,104972,141889,36917
Business Analyst,Mid (3-5 yrs),OR,37,83000,94000,110000,96162,81703,109405,27702
Business Analyst,Mid (3-5 yrs),Remote,136,78750,88000,98250,89096,75096,102118,27022
Business Analyst,Mid (3-5 yrs),TX,79,85500,94000,106500,97810,82544,111025,28481
Business Analyst,Mid (3-5 yrs),WA,94,99500,112500,125000,113085,95596,129181,33585
Business Analyst,Senior (6-9 yrs),AZ,26,106750,115500,129000,118577,101192,135192,34000
Business Analyst,Senior (6-9 yrs),CA,112,146750,162500,185000,166679,141268,192277,51009
Business Analyst,Senior (6-9 yrs),CO,39,113000,128000,142000,125872,106333,143436,37103
Business Analyst,Senior (6-9 yrs),DC,22,130250,142000,166000,145591,122682,166909,44227
Business Analyst,Senior (6-9 yrs),FL,35,115000,131000,139000,127000,108429,145029,36600
Business Analyst,Senior (6-9 yrs),GA,33,113000,125000,138000,127727,106909,146636,39727
Business Analyst,Senior (6-9 yrs),IL,35,114000,130000,147500,130771,110371,148257,37886
Business Analyst,Senior (6-9 yrs),MA,27,133500,150000,164500,147704,123519,171667,48148
Business Analyst,Senior (6-9 yrs),MN,33,106000,120000,132000,120485,102182,138030,35848
Business Analyst,Senior (6-9 yrs),NY,83,150500,166000,185000,167325,142867,191193,48326
Business Analyst,Senior (6-9 yrs),OR,26,109250,120500,138000,124269,105462,142077,36615
Business Analyst,Senior (6-9 yrs),Remote,105,108000,118000,129000,118886,99771,136295,36524
Business Analyst,Senior (6-9 yrs),TX,62,116250,124500,137500,125790,107452,143645,36193
Business Analyst,Senior (6-9 yrs),WA,78,136750,150500,173750,155205,131090,178615,47525
Cloud Architect,Entry (0-2 yrs),AZ,14,108250,117000,128750,120286,102929,138500,35571
Cloud Architect,Entry (0-2 yrs),CA,96,153000,171000,191250,173354,148010,198885,50875
Cloud Architect,Entry (0-2 yrs),CO,29,112000,125000,140000,126931,106483,146069,39586
Cloud Architect,Entry (0-2 yrs),DC,22,124250,139000,143750,136591,115136,157955,42819
Cloud Architect,Entry (0-2 yrs),FL,25,107000,123000,131000,122320,103280,140840,37560
Cloud Architect,Entry (0-2 yrs),GA,32,111250,123500,133000,123688,104625,141312,36687
Cloud Architect,Entry (0-2 yrs),IL,23,111000,126000,139000,125522,106174,142696,36522
Cloud Architect,Entry (0-2 yrs),MA,29,129000,144000,155000,146448,123241,167448,44207
Cloud Architect,Entry (0-2 yrs),MN,20,104750,115000,133000,118400,101700,135750,34050
Cloud Architect,Entry (0-2 yrs),NY,63,145000,164000,183500,165429,139190,190127,50937
Cloud Architect,Entry (0-2 yrs),OR,27,124500,134000,141500,137741,117407,157481,40074
Cloud Architect,Entry (0-2 yrs),Remote,72,106000,117000,134000,119083,101042,136264,35222
Cloud Architect,Entry (0-2 yrs),TX,43,113000,124000,142000,127488,108442,147000,38558
Cloud Architect,Entry (0-2 yrs),WA,68,137750,158500,174000,158574,133382,181015,47633
Cloud Architect,Executive (15+ yrs),CA,23,420500,485000,513000,477522,406522,551783,145261
Cloud Architect,Executive (15+ yrs),CO,5,330000,356000,412000,365400,303600,423000,119400
Cloud Architect,Executive (15+ yrs),DC,4,388750,426500,458750,421000,353250,504750,151500
Cloud Architect,Executive (15+ yrs),IL,9,344000,389000,409000,397333,340556,464333,123777
Cloud Architect,Executive (15+ yrs),MN,8,326500,337000,370750,343375,292625,389250,96625
Cloud Architect,Executive (15+ yrs),NY,12,402500,466500,511250,464167,398750,532500,133750
Cloud Architect,Executive (15+ yrs),OR,5,337000,338000,356000,349200,298600,400600,102000
Cloud Architect,Executive (15+ yrs),Remote,14,267750,307000,373000,317786,271071,366786,95715
Cloud Architect,Executive (15+ yrs),TX,7,338000,389000,414000,377857,316714,425571,108857
Cloud Architect,Executive (15+ yrs),WA,14,400500,441500,466250,447357,388500,513000,124500
Cloud Architect,Lead (10-15 yrs),AZ,9,241000,272000,296000,276556,228222,318778,90556
Cloud Architect,Lead (10-15 yrs),CA,39,337500,380000,428000,379923,321154,435462,114308
Cloud Architect,Lead (10-15 yrs),CO,13,267000,279000,322000,285692,244538,322538,78000
Cloud Architect,Lead (10-15 yrs),DC,9,324000,334000,355000,341667,285222,386444,101222
Cloud Architect,Lead (10-15 yrs),FL,13,289000,309000,352000,319462,279615,367385,87770
Cloud Architect,Lead (10-15 yrs),GA,8,276750,287500,299750,292500,249250,336500,87250
Cloud Architect,Lead (10-15 yrs),IL,14,275500,302000,364750,322286,270714,373143,102429
Cloud Architect,Lead (10-15 yrs),MA,14,295250,335500,388000,345357,286857,397929,111072
Cloud Architect,Lead (10-15 yrs),MN,6,282750,289000,299000,287500,245667,334667,89000
Cloud Architect,Lead (10-15 yrs),NY,34,333000,378000,413750,379412,320765,433824,113059
Cloud Architect,Lead (10-15 yrs),OR,6,302500,310500,345500,329167,286000,382000,96000
Cloud Architect,Lead (10-15 yrs),Remote,28,251750,281000,298250,274321,233429,310500,77071
Cloud Architect,Lead (10-15 yrs),TX,24,262750,309500,332500,303333,256167,344167,88000
Cloud Architect,Lead (10-15 yrs),WA,28,328750,347500,378000,356536,302214,410036,107822
Cloud Architect,Mid (3-5 yrs),AZ,39,143500,155000,171500,158641,133667,184462,50795
Cloud Architect,Mid (3-5 yrs),CA,129,201000,221000,247000,223891,190109,256233,66124
Cloud Architect,Mid (3-5 yrs),CO,47,152500,169000,178000,168426,142936,192447,49511
Cloud Architect,Mid (3-5 yrs),DC,27,170000,197000,212500,193481,165037,222667,57630
Cloud Architect,Mid (3-5 yrs),FL,31,159000,178000,183000,172129,146613,197677,51064
Cloud Architect,Mid (3-5 yrs),GA,35,143000,158000,183000,162371,135771,186229,50458
Cloud Architect,Mid (3-5 yrs),IL,38,152250,169500,196500,177737,149711,205000,55289
Cloud Architect,Mid (3-5 yrs),MA,46,179250,204500,219000,203870,171217,233565,62348
Cloud Architect,Mid (3-5 yrs),MN,36,138000,158000,169750,159917,136750,185500,48750
Cloud Architect,Mid (3-5 yrs),NY,108,193750,218000,240000,220722,187380,253204,65824
Cloud Architect,Mid (3-5 yrs),OR,42,149000,166500,179750,167548,141524,192786,51262
Cloud Architect,Mid (3-5 yrs),Remote,123,147000,165000,179500,164439,138683,189732,51049
Cloud Architect,Mid (3-5 yrs),TX,75,154500,175000,190500,172693,146440,197693,51253
Cloud Architect,Mid (3-5 yrs),WA,90,173000,197000,226750,200444,169533,230867,61334
Cloud Architect,Senior (6-9 yrs),AZ,29,182000,203000,220000,208207,176724,236276,59552
Cloud Architect,Senior (6-9 yrs),CA,127,268000,299000,335000,304047,257047,348945,91898
Cloud Architect,Senior (6-9 yrs),CO,27,206500,219000,244500,225667,192000,256963,64963
Cloud Architect,Senior (6-9 yrs),DC,32,225500,239000,260250,250031,213719,286344,72625
Cloud Architect,Senior (6-9 yrs),FL,31,208000,221000,247000,228000,192968,260935,67967
Cloud Architect,Senior (6-9 yrs),GA,42,191000,201000,235250,212833,179738,245476,65738
Cloud Architect,Senior (6-9 yrs),IL,22,198000,224500,255500,226500,192273,259318,67045
Cloud Architect,Senior (6-9 yrs),MA,28,246750,265000,298000,268250,223821,308036,84215
Cloud Architect,Senior (6-9 yrs),MN,33,198000,217000,237000,219303,185667,252636,66969
Cloud Architect,Senior (6-9 yrs),NY,74,263000,299500,332750,301378,256486,346284,89798
Cloud Architect,Senior (6-9 yrs),OR,35,223000,232000,255500,236714,200314,269029,68715
Cloud Architect,Senior (6-9 yrs),Remote,103,191500,215000,242500,220825,185709,254650,68941
Cloud Architect,Senior (6-9 yrs),TX,69,199000,231000,256000,230029,195710,265188,69478
Cloud Architect,Senior (6-9 yrs),WA,68,250000,281500,311000,281485,238235,323838,85603
Cybersecurity Analyst,Entry (0-2 yrs),AZ,17,71000,79000,84000,78294,66647,89176,22529
Cybersecurity Analyst,Entry (0-2 yrs),CA,82,101000,113500,129750,115720,98524,132317,33793
Cybersecurity Analyst,Entry (0-2 yrs),CO,21,81000,92000,96000,91143,76286,104476,28190
Cybersecurity Analyst,Entry (0-2 yrs),DC,19,93000,102000,112000,103158,87684,116895,29211
Cybersecurity Analyst,Entry (0-2 yrs),FL,26,76000,87500,94000,85423,72885,98577,25692
Cybersecurity Analyst,Entry (0-2 yrs),GA,35,73000,81000,87500,81457,68971,92714,23743
Cybersecurity Analyst,Entry (0-2 yrs),IL,26,85000,95500,101500,94308,78962,108615,29653
Cybersecurity Analyst,Entry (0-2 yrs),MA,30,94250,101000,115000,104300,88000,118733,30733
Cybersecurity Analyst,Entry (0-2 yrs),MN,22,69750,80500,82000,79682,68409,90909,22500
Cybersecurity Analyst,Entry (0-2 yrs),NY,67,98500,110000,125500,112433,94836,128224,33388
Cybersecurity Analyst,Entry (0-2 yrs),OR,16,74750,88000,103000,90312,76688,102875,26187
Cybersecurity Analyst,Entry (0-2 yrs),Remote,75,73000,80000,88500,82160,69080,93787,24707
Cybersecurity Analyst,Entry (0-2 yrs),TX,39,78500,88000,102000,90410,76974,103000,26026
Cybersecurity Analyst,Entry (0-2 yrs),WA,70,98000,106500,116750,108143,91229,125171,33942
Cybersecurity Analyst,Executive (15+ yrs),AZ,5,213000,238000,256000,235000,184800,271000,86200
Cybersecurity Analyst,Executive (15+ yrs),CA,27,277500,311000,349500,313333,262444,359815,97371
Cybersecurity Analyst,Executive (15+ yrs),CO,6,205750,224500,233500,221000,181333,248000,66667
Cybersecurity Analyst,Executive (15+ yrs),FL,8,224250,239000,249250,235750,197875,272375,74500
Cybersecurity Analyst,Executive (15+ yrs),GA,8,221500,237500,241750,232500,201750,263375,61625
Cybersecurity Analyst,Executive (15+ yrs),IL,6,236250,261000,286500,258500,211667,299333,87666
Cybersecurity Analyst,Executive (15+ yrs),MA,9,247000,283000,286000,275111,229444,313111,83667
Cybersecurity Analyst,Executive (15+ yrs),MN,9,211000,236000,258000,235000,201667,262667,61000
Cybersecurity Analyst,Executive (15+ yrs),NY,13,287000,352000,375000,340462,289769,393000,103231
Cybersecurity Analyst,Executive (15+ yrs),OR,7,234500,257000,270500,258571,230143,293571,63428
Cybersecurity Analyst,Executive (15+ yrs),Remote,11,217500,228000,243000,230273,195545,264273,68728
Cybersecurity Analyst,Executive (15+ yrs),TX,4,246750,265500,287500,268750,232000,306500,74500
Cybersecurity Analyst,Executive (15+ yrs),WA,13,281000,333000,357000,327385,279231,374846,95615
Cybersecurity Analyst,Lead (10-15 yrs),AZ,9,143000,163000,200000,170667,145444,195556,50112
Cybersecurity Analyst,Lead (10-15 yrs),CA,49,229000,254000,301000,260061,220306,298959,78653
Cybersecurity Analyst,Lead (10-15 yrs),CO,10,160750,195500,223000,193300,166100,218300,52200
Cybersecurity Analyst,Lead (10-15 yrs),DC,13,215000,232000,242000,232538,194077,265154,71077
Cybersecurity Analyst,Lead (10-15 yrs),FL,11,189000,218000,234000,208909,175091,241545,66454
Cybersecurity Analyst,Lead (10-15 yrs),GA,16,158750,181500,200500,181938,152625,208062,55437
Cybersecurity Analyst,Lead (10-15 yrs),IL,13,186000,206000,215000,210231,172538,240769,68231
Cybersecurity Analyst,Lead (10-15 yrs),MA,13,212000,234000,257000,233846,192692,266308,73616
Cybersecurity Analyst,Lead (10-15 yrs),MN,9,151000,161000,185000,169222,141556,194111,52555
Cybersecurity Analyst,Lead (10-15 yrs),NY,20,240250,267000,272250,257800,223350,297550,74200
Cybersecurity Analyst,Lead (10-15 yrs),OR,16,186750,200000,230250,204688,175375,235125,59750
Cybersecurity Analyst,Lead (10-15 yrs),Remote,30,169250,186000,204250,192500,164367,221567,57200
Cybersecurity Analyst,Lead (10-15 yrs),TX,29,175000,191000,213000,192966,163897,222759,58862
Cybersecurity Analyst,Lead (10-15 yrs),WA,38,224250,246000,277250,250263,210789,285526,74737
Cybersecurity Analyst,Mid (3-5 yrs),AZ,46,94000,104000,119750,107196,91239,122804,31565
Cybersecurity Analyst,Mid (3-5 yrs),CA,145,134000,153000,170000,154552,130662,177055,46393
Cybersecurity Analyst,Mid (3-5 yrs),CO,50,107000,116500,130500,118400,98620,136000,37380
Cybersecurity Analyst,Mid (3-5 yrs),DC,33,129000,138000,150000,141818,121242,162000,40758
Cybersecurity Analyst,Mid (3-5 yrs),FL,35,102000,113000,123000,111629,95657,128429,32772
Cybersecurity Analyst,Mid (3-5 yrs),GA,43,99500,114000,123000,110023,92605,126302,33697
Cybersecurity Analyst,Mid (3-5 yrs),IL,46,100250,117000,129000,115478,97696,132043,34347
Cybersecurity Analyst,Mid (3-5 yrs),MA,31,120500,136000,154000,134161,113710,154419,40709
Cybersecurity Analyst,Mid (3-5 yrs),MN,39,99000,110000,124500,111615,95359,128564,33205
Cybersecurity Analyst,Mid (3-5 yrs),NY,110,134250,153000,171000,154318,129291,177045,47754
Cybersecurity Analyst,Mid (3-5 yrs),OR,32,106750,120000,133500,120188,102156,139281,37125
Cybersecurity Analyst,Mid (3-5 yrs),Remote,125,96000,107000,124000,109440,92296,125408,33112
Cybersecurity Analyst,Mid (3-5 yrs),TX,76,98750,114000,127000,114763,96895,130934,34039
Cybersecurity Analyst,Mid (3-5 yrs),WA,103,126500,145000,159000,145165,122922,166883,43961
Cybersecurity Analyst,Senior (6-9 yrs),AZ,22,131250,145500,166000,147636,124136,169364,45228
Cybersecurity Analyst,Senior (6-9 yrs),CA,118,181250,207000,232750,211034,178839,241686,62847
Cybersecurity Analyst,Senior (6-9 yrs),CO,26,127500,148500,167500,150462,127500,172269,44769
Cybersecurity Analyst,Senior (6-9 yrs),DC,26,144000,154500,174500,160692,136038,185615,49577
Cybersecurity Analyst,Senior (6-9 yrs),FL,16,146250,156000,172500,156250,133875,179250,45375
Cybersecurity Analyst,Senior (6-9 yrs),GA,28,134750,144000,156250,150214,129429,173357,43928
Cybersecurity Analyst,Senior (6-9 yrs),IL,26,141250,159500,184500,163462,138154,188500,50346
Cybersecurity Analyst,Senior (6-9 yrs),MA,24,175000,201500,221250,197917,165917,226792,60875
Cybersecurity Analyst,Senior (6-9 yrs),MN,22,131500,148500,165000,148727,125818,171136,45318
Cybersecurity Analyst,Senior (6-9 yrs),NY,84,187750,208500,232250,211500,178619,243619,65000
Cybersecurity Analyst,Senior (6-9 yrs),OR,46,145000,159500,177000,161152,137239,183957,46718
Cybersecurity Analyst,Senior (6-9 yrs),Remote,86,137000,153500,169500,154709,130535,177116,46581
Cybersecurity Analyst,Senior (6-9 yrs),TX,79,145000,155000,174500,160051,134962,182747,47785
Cybersecurity Analyst,Senior (6-9 yrs),WA,74,168250,190500,211250,191392,162919,219432,56513
Data Analyst,Entry (0-2 yrs),AZ,23,58500,61000,66000,62652,53000,72130,19130
Data Analyst,Entry (0-2 yrs),CA,87,78000,86000,97000,88241,74322,101713,27391
Data Analyst,Entry (0-2 yrs),CO,21,51000,64000,74000,61857,52381,70762,18381
Data Analyst,Entry (0-2 yrs),DC,21,74000,79000,85000,80762,68619,91905,23286
Data Analyst,Entry (0-2 yrs),FL,20,59000,67000,80250,68400,57500,77800,20300
Data Analyst,Entry (0-2 yrs),GA,23,57500,63000,68000,63478,54087,73000,18913
Data Analyst,Entry (0-2 yrs),IL,22,61250,72500,85500,73500,62409,83318,20909
Data Analyst,Entry (0-2 yrs),MA,23,72000,77000,85500,78522,67043,90783,23740
Data Analyst,Entry (0-2 yrs),MN,24,55000,60500,63500,60375,51917,69333,17416
Data Analyst,Entry (0-2 yrs),NY,63,74500,85000,95000,86111,72444,98063,25619
Data Analyst,Entry (0-2 yrs),OR,28,57000,64000,70250,63571,53393,72929,19536
Data Analyst,Entry (0-2 yrs),Remote,77,58000,64000,69000,63896,54416,73026,18610
Data Analyst,Entry (0-2 yrs),TX,44,55750,63000,70000,64523,54341,73364,19023
Data Analyst,Entry (0-2 yrs),WA,66,76500,83500,91750,83727,70894,95667,24773
Data Analyst,Executive (15+ yrs),AZ,3,190500,195000,196500,193000,167333,219000,51667
Data Analyst,Executive (15+ yrs),CA,20,215500,243500,279500,253000,212250,293100,80850
Data Analyst,Executive (15+ yrs),CO,8,153500,188500,223000,188750,161875,219000,57125
Data Analyst,Executive (15+ yrs),DC,6,180000,193500,199500,194667,166333,225167,58834
Data Analyst,Executive (15+ yrs),FL,8,174000,189500,199500,186125,159250,213375,54125
Data Analyst,Executive (15+ yrs),GA,6,137000,159000,176500,158833,135500,179833,44333
Data Analyst,Executive (15+ yrs),IL,8,156750,179000,193000,182750,155375,207750,52375
Data Analyst,Executive (15+ yrs),MA,4,192000,202500,213000,202500,174750,237000,62250
Data Analyst,Executive (15+ yrs),MN,7,158500,160000,188500,174429,144857,198857,54000
Data Analyst,Executive (15+ yrs),NY,12,229000,248500,261500,248500,211500,285917,74417
Data Analyst,Executive (15+ yrs),OR,9,170000,183000,199000,195778,169556,226667,57111
Data Analyst,Executive (15+ yrs),Remote,11,167500,195000,202000,188455,156273,218545,62272
Data Analyst,Executive (15+ yrs),TX,14,166250,174500,206250,183286,156714,209500,52786
Data Analyst,Executive (15+ yrs),WA,14,204500,252500,258250,233357,197286,263786,66500
Data Analyst,Lead (10-15 yrs),AZ,17,119000,138000,143000,136471,114059,156294,42235
Data Analyst,Lead (10-15 yrs),CA,42,177000,196500,215250,195071,165833,224810,58977
Data Analyst,Lead (10-15 yrs),CO,13,123000,131000,151000,139615,118923,161000,42077
Data Analyst,Lead (10-15 yrs),DC,11,152500,170000,184500,173000,149364,195909,46545
Data Analyst,Lead (10-15 yrs),FL,12,133000,150000,174750,153333,130833,175917,45084
Data Analyst,Lead (10-15 yrs),GA,9,136000,141000,151000,138222,116667,159222,42555
Data Analyst,Lead (10-15 yrs),IL,9,153000,169000,181000,171222,142444,199667,57223
Data Analyst,Lead (10-15 yrs),MA,6,141250,162000,189500,160833,133500,186667,53167
Data Analyst,Lead (10-15 yrs),MN,7,130000,132000,140500,138714,117143,156143,39000
Data Analyst,Lead (10-15 yrs),NY,21,170000,176000,193000,183238,153619,212476,58857
Data Analyst,Lead (10-15 yrs),OR,13,140000,158000,180000,154692,133923,174769,40846
Data Analyst,Lead (10-15 yrs),Remote,40,128750,144500,159250,144325,123825,165475,41650
Data Analyst,Lead (10-15 yrs),TX,24,143250,151500,170000,154083,131833,173500,41667
Data Analyst,Lead (10-15 yrs),WA,25,161000,175000,187000,179000,150640,206160,55520
Data Analyst,Mid (3-5 yrs),AZ,41,71000,79000,86000,79341,65927,91049,25122
Data Analyst,Mid (3-5 yrs),CA,147,101500,113000,130000,115694,97993,132401,34408
Data Analyst,Mid (3-5 yrs),CO,36,82750,87000,96250,88639,74722,101111,26389
Data Analyst,Mid (3-5 yrs),DC,33,84000,97000,104000,95212,80909,108667,27758
Data Analyst,Mid (3-5 yrs),FL,34,81000,88500,97750,89706,76206,103382,27176
Data Analyst,Mid (3-5 yrs),GA,47,75500,86000,92500,84574,71404,96702,25298
Data Analyst,Mid (3-5 yrs),IL,42,80250,91000,99000,90952,76762,104476,27714
Data Analyst,Mid (3-5 yrs),MA,32,94750,105500,113250,104219,86906,119156,32250
Data Analyst,Mid (3-5 yrs),MN,36,69000,81000,88250,79333,67028,91083,24055
Data Analyst,Mid (3-5 yrs),NY,111,105500,114000,128500,116000,97378,132829,35451
Data Analyst,Mid (3-5 yrs),OR,38,81250,87000,94500,88632,74605,101395,26790
Data Analyst,Mid (3-5 yrs),Remote,105,74000,84000,94000,83838,70724,96343,25619
Data Analyst,Mid (3-5 yrs),TX,70,80000,89500,97750,89343,74843,102000,27157
Data Analyst,Mid (3-5 yrs),WA,89,97000,110000,119000,109719,93202,125292,32090
Data Analyst,Senior (6-9 yrs),AZ,30,97250,105500,123750,111233,95500,127200,31700
Data Analyst,Senior (6-9 yrs),CA,110,137250,157500,174000,157755,134400,181218,46818
Data Analyst,Senior (6-9 yrs),CO,36,106000,115000,125750,115972,98333,132194,33861
Data Analyst,Senior (6-9 yrs),DC,29,130000,136000,149000,137897,116862,158483,41621
Data Analyst,Senior (6-9 yrs),FL,22,115250,123000,128250,121773,103636,140045,36409
Data Analyst,Senior (6-9 yrs),GA,38,96250,106500,125750,110395,91842,125447,33605
Data Analyst,Senior (6-9 yrs),IL,32,117000,126000,140500,128188,107594,146062,38468
Data Analyst,Senior (6-9 yrs),MA,41,125000,138000,154000,140390,120780,159976,39196
Data Analyst,Senior (6-9 yrs),MN,39,101000,107000,120000,110026,92615,126103,33488
Data Analyst,Senior (6-9 yrs),NY,75,138000,154000,175500,158267,133773,181387,47614
Data Analyst,Senior (6-9 yrs),OR,33,115000,127000,137000,125606,106061,142788,36727
Data Analyst,Senior (6-9 yrs),Remote,74,99500,111000,118000,111541,94473,127973,33500
Data Analyst,Senior (6-9 yrs),TX,66,107000,114500,127750,117182,99076,134470,35394
Data Analyst,Senior (6-9 yrs),WA,83,131500,143000,158000,145928,122337,166831,44494
Data Engineer,Entry (0-2 yrs),AZ,25,83000,99000,103000,96800,80880,111160,30280
Data Engineer,Entry (0-2 yrs),CA,79,115500,136000,146500,133253,112405,152684,40279
Data Engineer,Entry (0-2 yrs),CO,23,94000,101000,112000,102522,87348,117217,29869
Data Engineer,Entry (0-2 yrs),DC,22,99000,110500,125500,113545,95273,130545,35272
Data Engineer,Entry (0-2 yrs),FL,26,87750,97000,108000,97192,81577,111538,29961
Data Engineer,Entry (0-2 yrs),GA,32,87000,92000,108000,94969,79500,108188,28688
Data Engineer,Entry (0-2 yrs),IL,25,87000,97000,112000,103120,87440,119080,31640
Data Engineer,Entry (0-2 yrs),MA,25,101000,120000,144000,124600,105840,143880,38040
Data Engineer,Entry (0-2 yrs),MN,15,85000,89000,98500,91533,77533,103333,25800
Data Engineer,Entry (0-2 yrs),NY,54,122250,134500,145750,135704,113944,155000,41056
Data Engineer,Entry (0-2 yrs),OR,23,92500,100000,113500,102000,86609,116957,30348
Data Engineer,Entry (0-2 yrs),Remote,77,80000,89000,101000,91805,77221,104468,27247
Data Engineer,Entry (0-2 yrs),TX,48,93500,103500,110250,102417,87771,117271,29500
Data Engineer,Entry (0-2 yrs),WA,55,113000,125000,137000,125164,106855,144473,37618
Data Engineer,Executive (15+ yrs),AZ,4,260500,271500,299250,288250,247750,332250,84500
Data Engineer,Executive (15+ yrs),CA,18,331750,378000,410250,365000,309278,414111,104833
Data Engineer,Executive (15+ yrs),CO,4,241750,265500,302750,279000,245000,319250,74250
Data Engineer,Executive (15+ yrs),DC,5,334000,337000,355000,352600,295800,414800,119000
Data Engineer,Executive (15+ yrs),FL,9,236000,254000,284000,260111,218111,295333,77222
Data Engineer,Executive (15+ yrs),MA,6,288000,335500,384500,344000,279000,389500,110500
Data Engineer,Executive (15+ yrs),NY,16,322750,353500,416500,371562,320500,429062,108562
Data Engineer,Executive (15+ yrs),OR,4,273000,284500,295250,283750,245750,326500,80750
Data Engineer,Executive (15+ yrs),Remote,21,230000,266000,302000,266952,230095,305476,75381
Data Engineer,Executive (15+ yrs),TX,9,227000,266000,295000,269222,227000,313444,86444
Data Engineer,Executive (15+ yrs),WA,8,327750,352000,378000,360000,305750,419500,113750
Data Engineer,Lead (10-15 yrs),AZ,10,199750,217000,241750,216100,186200,243800,57600
Data Engineer,Lead (10-15 yrs),CA,37,283000,313000,352000,320838,268757,369730,100973
Data Engineer,Lead (10-15 yrs),CO,17,186000,203000,238000,213941,178765,246706,67941
Data Engineer,Lead (10-15 yrs),DC,13,252000,259000,273000,263154,228538,302538,74000
Data Engineer,Lead (10-15 yrs),FL,11,187500,206000,225500,206455,179364,235909,56545
Data Engineer,Lead (10-15 yrs),GA,9,197000,217000,258000,219333,189000,253667,64667
Data Engineer,Lead (10-15 yrs),IL,10,220000,236500,259250,240500,204500,279600,75100
Data Engineer,Lead (10-15 yrs),MA,11,267000,282000,292000,273909,231818,323455,91637
Data Engineer,Lead (10-15 yrs),MN,11,182500,184000,193500,188545,160182,211455,51273
Data Engineer,Lead (10-15 yrs),NY,39,262500,290000,339500,294872,248821,336795,87974
Data Engineer,Lead (10-15 yrs),OR,12,206250,242000,261500,243917,210667,281917,71250
Data Engineer,Lead (10-15 yrs),Remote,30,184750,200500,232000,209067,177333,238700,61367
Data Engineer,Lead (10-15 yrs),TX,20,189500,229000,246750,224750,189100,257150,68050
Data Engineer,Lead (10-15 yrs),WA,24,254500,279500,316500,282250,237917,319125,81208
Data Engineer,Mid (3-5 yrs),AZ,28,109000,116000,130250,120893,102643,137000,34357
Data Engineer,Mid (3-5 yrs),CA,143,164000,180000,202000,182448,154476,209147,54671
Data Engineer,Mid (3-5 yrs),CO,32,121000,136000,153250,135375,114906,155969,41063
Data Engineer,Mid (3-5 yrs),DC,22,139250,153000,170750,153909,130227,178455,48228
Data Engineer,Mid (3-5 yrs),FL,41,116000,128000,147000,132732,111976,152073,40097
Data Engineer,Mid (3-5 yrs),GA,43,112000,126000,139000,124651,104837,142070,37233
Data Engineer,Mid (3-5 yrs),IL,36,127250,142000,163000,145861,121694,168333,46639
Data Engineer,Mid (3-5 yrs),MA,32,137750,147500,169500,153656,129688,177000,47312
Data Engineer,Mid (3-5 yrs),MN,44,104500,123500,134000,121159,101955,138023,36068
Data Engineer,Mid (3-5 yrs),NY,80,154750,175000,196000,175612,149362,202650,53288
Data Engineer,Mid (3-5 yrs),OR,43,127500,141000,154000,141140,119256,159674,40418
Data Engineer,Mid (3-5 yrs),Remote,126,115000,126000,143750,128905,108183,147690,39507
Data Engineer,Mid (3-5 yrs),TX,78,119500,136000,150250,136628,116026,156410,40384
Data Engineer,Mid (3-5 yrs),WA,93,153000,170000,184000,170011,143699,195140,51441
Data Engineer,Senior (6-9 yrs),AZ,31,155000,171000,184000,169484,145129,194613,49484
Data Engineer,Senior (6-9 yrs),CA,111,212000,235000,263500,238459,201613,272982,71369
Data Engineer,Senior (6-9 yrs),CO,31,167000,183000,207000,186323,157323,213742,56419
Data Engineer,Senior (6-9 yrs),DC,27,193500,213000,236500,214037,181037,245037,64000
Data Engineer,Senior (6-9 yrs),FL,37,158000,173000,196000,178649,150514,205838,55324
Data Engineer,Senior (6-9 yrs),GA,32,146000,165500,184500,163812,139250,188594,49344
Data Engineer,Senior (6-9 yrs),IL,30,168500,189000,206000,188867,158867,217200,58333
Data Engineer,Senior (6-9 yrs),MA,24,202500,218500,239500,216333,187583,247333,59750
Data Engineer,Senior (6-9 yrs),MN,29,152000,160000,182000,170690,144345,194862,50517
Data Engineer,Senior (6-9 yrs),NY,78,212000,238000,268750,240577,203962,276795,72833
Data Engineer,Senior (6-9 yrs),OR,29,168000,188000,204000,185276,155862,211517,55655
Data Engineer,Senior (6-9 yrs),Remote,105,150000,168000,196000,174505,149238,199829,50591
Data Engineer,Senior (6-9 yrs),TX,60,165500,184000,210500,190633,162933,220717,57784
Data Engineer,Senior (6-9 yrs),WA,85,207000,221000,244000,222471,189388,255553,66165
Data Scientist,Entry (0-2 yrs),AZ,31,74500,84000,93500,84871,71806,97516,25710
Data Scientist,Entry (0-2 yrs),CA,88,103000,118000,139250,121432,102045,139023,36978
Data Scientist,Entry (0-2 yrs),CO,24,84500,90500,107250,92250,78583,105125,26542
Data Scientist,Entry (0-2 yrs),DC,27,92000,98000,112500,102296,86481,116111,29630
Data Scientist,Entry (0-2 yrs),FL,20,84500,90500,100000,90300,75200,101750,26550
Data Scientist,Entry (0-2 yrs),GA,24,83500,90000,95500,88708,74500,101375,26875
Data Scientist,Entry (0-2 yrs),IL,26,85500,97500,107250,97269,82731,111538,28807
Data Scientist,Entry (0-2 yrs),MA,19,101500,108000,119000,109211,93053,125684,32631
Data Scientist,Entry (0-2 yrs),MN,16,77000,83000,87750,84188,71688,94500,22812
Data Scientist,Entry (0-2 yrs),NY,68,109500,126500,135500,123647,103074,142456,39382
Data Scientist,Entry (0-2 yrs),OR,31,89000,95000,103500,96516,80355,110677,30322
Data Scientist,Entry (0-2 yrs),Remote,81,77000,85000,96000,86173,71889,98074,26185
Data Scientist,Entry (0-2 yrs),TX,53,79000,89000,96000,89151,74415,101604,27189
Data Scientist,Entry (0-2 yrs),WA,76,104000,112000,124250,113671,96066,131118,35052
Data Scientist,Executive (15+ yrs),AZ,5,248000,289000,292000,267000,235200,299600,64400
Data Scientist,Executive (15+ yrs),CA,16,329000,356000,379250,359812,307500,413250,105750
Data Scientist,Executive (15+ yrs),CO,7,247000,253000,304000,267571,227143,301857,74714
Data Scientist,Executive (15+ yrs),DC,6,271250,323500,360750,309333,261500,360833,99333
Data Scientist,Executive (15+ yrs),FL,4,217500,227500,240750,230750,202000,265000,63000
Data Scientist,Executive (15+ yrs),GA,7,235000,251000,273500,252857,218143,292857,74714
Data Scientist,Executive (15+ yrs),IL,3,279000,284000,295500,288333,233000,336667,103667
Data Scientist,Executive (15+ yrs),MN,3,203500,220000,230500,216000,183667,249667,66000
Data Scientist,Executive (15+ yrs),NY,19,327000,344000,368500,343789,295000,397421,102421
Data Scientist,Executive (15+ yrs),OR,7,235500,244000,255500,254000,215000,296857,81857
Data Scientist,Executive (15+ yrs),Remote,15,241000,248000,273500,254200,211000,288200,77200
Data Scientist,Executive (15+ yrs),TX,15,230500,249000,282500,253000,211667,290533,78866
Data Scientist,Executive (15+ yrs),WA,7,319500,329000,400000,351000,298714,404857,106143
Data Scientist,Lead (10-15 yrs),AZ,7,179000,188000,207500,192286,157571,217000,59429
Data Scientist,Lead (10-15 yrs),CA,34,243250,282500,323000,279912,237765,322441,84676
Data Scientist,Lead (10-15 yrs),CO,13,193000,199000,213000,203154,169000,232615,63615
Data Scientist,Lead (10-15 yrs),DC,10,226750,236000,250000,237200,203000,269100,66100
Data Scientist,Lead (10-15 yrs),FL,10,166750,205000,216000,194100,165800,224100,58300
Data Scientist,Lead (10-15 yrs),GA,10,156000,183500,195500,184000,155100,215100,60000
Data Scientist,Lead (10-15 yrs),IL,15,201500,212000,232500,216467,184533,247400,62867
Data Scientist,Lead (10-15 yrs),MA,5,190000,234000,312000,244200,209800,276000,66200
Data Scientist,Lead (10-15 yrs),MN,16,175750,194000,218250,195438,166062,226625,60563
Data Scientist,Lead (10-15 yrs),NY,30,238500,271000,305000,278633,235900,324967,89067
Data Scientist,Lead (10-15 yrs),OR,10,194250,218000,238000,212600,182000,241800,59800
Data Scientist,Lead (10-15 yrs),Remote,34,180000,196500,232000,199853,169471,232029,62558
Data Scientist,Lead (10-15 yrs),TX,22,174000,189000,216500,197909,164500,227636,63136
Data Scientist,Lead (10-15 yrs),WA,34,233250,274000,293750,269029,229618,308235,78617
Data Scientist,Mid (3-5 yrs),AZ,39,104000,112000,127000,114923,96282,131897,35615
Data Scientist,Mid (3-5 yrs),CA,133,144000,168000,179000,163639,138481,187045,48564
Data Scientist,Mid (3-5 yrs),CO,37,105000,121000,132000,120405,102595,138405,35810
Data Scientist,Mid (3-5 yrs),DC,45,121000,139000,151000,137600,116533,157978,41445
Data Scientist,Mid (3-5 yrs),FL,26,108250,119000,128500,119308,100577,136769,36192
Data Scientist,Mid (3-5 yrs),GA,32,100000,115000,129500,115125,97312,131562,34250
Data Scientist,Mid (3-5 yrs),IL,37,110000,129000,142000,129270,108919,149189,40270
Data Scientist,Mid (3-5 yrs),MA,49,131000,146000,158000,146633,122653,168102,45449
Data Scientist,Mid (3-5 yrs),MN,33,105000,114000,132000,117121,100000,134636,34636
Data Scientist,Mid (3-5 yrs),NY,90,147250,161000,175750,161844,135878,184922,49044
Data Scientist,Mid (3-5 yrs),OR,32,113750,135500,145000,132344,112812,152500,39688
Data Scientist,Mid (3-5 yrs),Remote,118,104250,116000,127750,115602,98466,132661,34195
Data Scientist,Mid (3-5 yrs),TX,79,114000,123000,136500,125165,106684,143456,36772
Data Scientist,Mid (3-5 yrs),WA,96,128000,145000,164500,148625,127542,170656,43114
Data Scientist,Senior (6-9 yrs),AZ,32,137250,150000,168000,152719,129188,176094,46906
Data Scientist,Senior (6-9 yrs),CA,103,193500,221000,242500,217680,184738,248767,64029
Data Scientist,Senior (6-9 yrs),CO,34,143250,160500,175500,160441,135676,185059,49383
Data Scientist,Senior (6-9 yrs),DC,31,165500,184000,201000,183419,157032,210161,53129
Data Scientist,Senior (6-9 yrs),FL,22,151000,166000,180750,167500,140500,193000,52500
Data Scientist,Senior (6-9 yrs),GA,31,144500,164000,172000,158968,134613,181806,47193
Data Scientist,Senior (6-9 yrs),IL,29,136000,150000,185000,159517,134414,181310,46896
Data Scientist,Senior (6-9 yrs),MA,29,163000,180000,207000,188034,157138,214414,57276
Data Scientist,Senior (6-9 yrs),MN,34,142000,158500,170750,157441,133706,180912,47206
Data Scientist,Senior (6-9 yrs),NY,71,196000,221000,243500,222859,189366,255620,66254
Data Scientist,Senior (6-9 yrs),OR,32,154000,178000,201750,178094,152031,203062,51031
Data Scientist,Senior (6-9 yrs),Remote,116,141000,157000,171250,156422,132198,178828,46630
Data Scientist,Senior (6-9 yrs),TX,63,150500,162000,190000,170079,144667,195460,50793
Data Scientist,Senior (6-9 yrs),WA,74,187750,204000,223000,207554,175297,238473,63176
DevOps Engineer,Entry (0-2 yrs),AZ,28,83500,88000,92250,90643,77000,105107,28107
DevOps Engineer,Entry (0-2 yrs),CA,84,117000,131500,153000,134417,113821,154143,40322
DevOps Engineer,Entry (0-2 yrs),CO,23,89000,99000,112500,100870,85913,115000,29087
DevOps Engineer,Entry (0-2 yrs),DC,33,101000,112000,121000,112061,94333,128909,34576
DevOps Engineer,Entry (0-2 yrs),FL,23,93500,100000,109000,100087,84304,114913,30609
DevOps Engineer,Entry (0-2 yrs),GA,31,81500,96000,105000,94516,79258,108484,29226
DevOps Engineer,Entry (0-2 yrs),IL,24,90750,97500,109500,102417,88292,116750,28458
DevOps Engineer,Entry (0-2 yrs),MA,28,106000,120500,139750,122500,103964,140143,36179
DevOps Engineer,Entry (0-2 yrs),MN,19,92500,95000,101000,96000,80895,109263,28368
DevOps Engineer,Entry (0-2 yrs),NY,62,114000,130000,146250,131758,110871,150952,40081
DevOps Engineer,Entry (0-2 yrs),OR,33,95000,104000,120000,106091,88909,121485,32576
DevOps Engineer,Entry (0-2 yrs),Remote,68,85000,95000,105000,96250,80765,110309,29544
DevOps Engineer,Entry (0-2 yrs),TX,60,86750,98500,111000,99400,84967,113483,28516
DevOps Engineer,Entry (0-2 yrs),WA,54,105250,118500,133500,120204,102093,137352,35259
DevOps Engineer,Executive (15+ yrs),AZ,4,244000,261000,269750,252750,212250,286750,74500
DevOps Engineer,Executive (15+ yrs),CA,16,352000,375000,444000,381125,320438,438375,117937
DevOps Engineer,Executive (15+ yrs),CO,5,212000,225000,296000,242600,208000,281800,73800
DevOps Engineer,Executive (15+ yrs),DC,5,287000,338000,342000,316600,260800,364800,104000
DevOps Engineer,Executive (15+ yrs),FL,6,297250,314500,331750,315167,262833,356667,93834
DevOps Engineer,Executive (15+ yrs),GA,3,248000,256000,277500,265000,232000,310667,78667
DevOps Engineer,Executive (15+ yrs),IL,7,262000,275000,366500,306857,258143,347000,88857
DevOps Engineer,Executive (15+ yrs),MA,9,312000,334000,418000,356333,306333,411333,105000
DevOps Engineer,Executive (15+ yrs),MN,5,226000,254000,256000,255600,219600,298600,79000
DevOps Engineer,Executive (15+ yrs),NY,17,325000,385000,423000,380412,325176,429529,104353
DevOps Engineer,Executive (15+ yrs),OR,5,226000,240000,278000,258800,222600,300800,78200
DevOps Engineer,Executive (15+ yrs),Remote,13,232000,254000,276000,250538,215000,287692,72692
DevOps Engineer,Executive (15+ yrs),TX,13,249000,271000,298000,271692,230538,310769,80231
DevOps Engineer,Executive (15+ yrs),WA,16,328000,347500,400250,349938,295938,404000,108062
DevOps Engineer,Lead (10-15 yrs),AZ,9,176000,191000,208000,198444,164556,226222,61666
DevOps Engineer,Lead (10-15 yrs),CA,45,274000,292000,333000,298933,252422,342778,90356
DevOps Engineer,Lead (10-15 yrs),CO,13,203000,217000,246000,223462,186846,255846,69000
DevOps Engineer,Lead (10-15 yrs),DC,13,232000,238000,277000,249385,210692,284385,73693
DevOps Engineer,Lead (10-15 yrs),FL,15,195500,252000,268500,234333,196000,270400,74400
DevOps Engineer,Lead (10-15 yrs),GA,14,180750,202500,236500,209429,178500,240357,61857
DevOps Engineer,Lead (10-15 yrs),IL,9,209000,216000,256000,230111,194778,260444,65666
DevOps Engineer,Lead (10-15 yrs),MA,7,229500,256000,270500,257429,218714,293571,74857
DevOps Engineer,Lead (10-15 yrs),MN,8,197500,225000,247250,227000,195125,259125,64000
DevOps Engineer,Lead (10-15 yrs),NY,22,259750,287000,315250,290409,242273,331409,89136
DevOps Engineer,Lead (10-15 yrs),OR,9,226000,241000,273000,245889,207333,284778,77445
DevOps Engineer,Lead (10-15 yrs),Remote,37,198000,219000,245000,218459,183108,249270,66162
DevOps Engineer,Lead (10-15 yrs),TX,17,205000,220000,278000,231824,198118,266882,68764
DevOps Engineer,Lead (10-15 yrs),WA,22,257250,281500,301750,283091,237955,322864,84909
DevOps Engineer,Mid (3-5 yrs),AZ,29,113000,123000,139000,126241,107621,143655,36034
DevOps Engineer,Mid (3-5 yrs),CA,146,155250,171000,192750,173856,147767,199377,51610
DevOps Engineer,Mid (3-5 yrs),CO,43,124000,138000,151000,135512,113814,155651,41837
DevOps Engineer,Mid (3-5 yrs),DC,43,134500,153000,165500,152093,128116,172698,44582
DevOps Engineer,Mid (3-5 yrs),FL,44,117000,130000,144500,131205,109977,150227,40250
DevOps Engineer,Mid (3-5 yrs),GA,42,104250,119000,129000,118333,100762,136333,35571
DevOps Engineer,Mid (3-5 yrs),IL,32,130000,144000,150250,139375,115500,159062,43562
DevOps Engineer,Mid (3-5 yrs),MA,38,148000,163500,181750,164053,138553,188895,50342
DevOps Engineer,Mid (3-5 yrs),MN,30,110250,117000,125500,117033,98467,134633,36166
DevOps Engineer,Mid (3-5 yrs),NY,85,159000,172000,194000,175447,149059,201388,52329
DevOps Engineer,Mid (3-5 yrs),OR,48,118000,138000,159000,139750,118750,159417,40667
DevOps Engineer,Mid (3-5 yrs),Remote,114,112500,127000,142000,129807,110026,148956,38930
DevOps Engineer,Mid (3-5 yrs),TX,73,123000,139000,157000,138795,116699,159438,42739
DevOps Engineer,Mid (3-5 yrs),WA,89,145000,164000,181000,163640,137888,187045,49157
DevOps Engineer,Senior (6-9 yrs),AZ,30,148000,166500,192000,168600,143367,191967,48600
DevOps Engineer,Senior (6-9 yrs),CA,102,214000,235000,260750,240235,202706,275422,72716
DevOps Engineer,Senior (6-9 yrs),CO,28,159250,174000,194000,177750,148750,203857,55107
DevOps Engineer,Senior (6-9 yrs),DC,36,195000,215000,235250,217583,186833,250444,63611
DevOps Engineer,Senior (6-9 yrs),FL,36,154750,177500,212250,183194,155083,212250,57167
DevOps Engineer,Senior (6-9 yrs),GA,37,163000,175000,184000,175351,145730,201486,55756
DevOps Engineer,Senior (6-9 yrs),IL,33,165000,188000,208000,186909,157727,212061,54334
DevOps Engineer,Senior (6-9 yrs),MA,27,186000,202000,220500,207741,174593,237926,63333
DevOps Engineer,Senior (6-9 yrs),MN,34,153000,165500,193250,175324,147412,199912,52500
DevOps Engineer,Senior (6-9 yrs),NY,84,211750,238500,262250,241464,203679,277798,74119
DevOps Engineer,Senior (6-9 yrs),OR,27,182000,201000,217000,201074,169852,232111,62259
DevOps Engineer,Senior (6-9 yrs),Remote,102,156000,171500,190500,173725,147029,198961,51932
DevOps Engineer,Senior (6-9 yrs),TX,58,164000,175000,195500,180948,152828,206172,53344
DevOps Engineer,Senior (6-9 yrs),WA,73,210000,223000,247000,228288,193726,261904,68178
Financial Analyst,Entry (0-2 yrs),AZ,27,57000,65000,74000,64444,55333,72926,17593
Financial Analyst,Entry (0-2 yrs),CA,83,82500,92000,103000,93470,78843,106988,28145
Financial Analyst,Entry (0-2 yrs),CO,21,56000,65000,71000,66095,55810,76238,20428
Financial Analyst,Entry (0-2 yrs),DC,23,72000,80000,88000,79565,67522,91000,23478
Financial Analyst,Entry (0-2 yrs),FL,33,62000,73000,81000,71606,60364,81394,21030
Financial Analyst,Entry (0-2 yrs),GA,22,59000,66000,73750,65864,56273,74636,18363
Financial Analyst,Entry (0-2 yrs),IL,33,65000,72000,83000,73818,61273,84697,23424
Financial Analyst,Entry (0-2 yrs),MA,23,69500,76000,87500,78609,67130,90609,23479
Financial Analyst,Entry (0-2 yrs),MN,16,54250,59000,67250,60688,50812,68500,17688
Financial Analyst,Entry (0-2 yrs),NY,59,79500,90000,104000,92068,77576,105763,28187
Financial Analyst,Entry (0-2 yrs),OR,20,67000,73000,88250,75600,64500,86650,22150
Financial Analyst,Entry (0-2 yrs),Remote,64,57000,65000,70250,65938,55422,75297,19875
Financial Analyst,Entry (0-2 yrs),TX,43,64000,72000,80500,72465,61023,82860,21837
Financial Analyst,Entry (0-2 yrs),WA,55,74000,84000,93000,84927,71255,96273,25018
Financial Analyst,Executive (15+ yrs),CA,25,232000,250000,275000,259040,218720,296400,77680
Financial Analyst,Executive (15+ yrs),CO,5,186000,200000,205000,195600,168000,227000,59000
Financial Analyst,Executive (15+ yrs),DC,4,229750,248500,270750,252000,216250,291250,75000
Financial Analyst,Executive (15+ yrs),FL,7,181000,188000,193000,186429,157143,215429,58286
Financial Analyst,Executive (15+ yrs),GA,5,164000,203000,205000,191200,157600,214200,56600
Financial Analyst,Executive (15+ yrs),IL,12,185500,197000,218000,204750,175250,231250,56000
Financial Analyst,Executive (15+ yrs),MA,8,202750,223000,240250,220750,183250,248125,64875
Financial Analyst,Executive (15+ yrs),MN,5,143000,150000,172000,158600,132800,182000,49200
Financial Analyst,Executive (15+ yrs),NY,14,218750,257000,277000,252000,214214,288929,74715
Financial Analyst,Executive (15+ yrs),OR,5,204000,215000,219000,208800,179200,242400,63200
Financial Analyst,Executive (15+ yrs),Remote,15,155000,180000,205500,183200,156400,210600,54200
Financial Analyst,Executive (15+ yrs),TX,12,176250,186500,195250,188167,159000,215917,56917
Financial Analyst,Executive (15+ yrs),WA,10,222000,247500,266500,249800,211200,290400,79200
Financial Analyst,Lead (10-15 yrs),AZ,8,121000,137500,156250,139375,117125,157500,40375
Financial Analyst,Lead (10-15 yrs),CA,35,177500,200000,232000,204057,174457,233257,58800
Financial Analyst,Lead (10-15 yrs),CO,5,152000,158000,158000,156400,131400,183600,52200
Financial Analyst,Lead (10-15 yrs),DC,12,143750,181500,197000,173667,147500,199917,52417
Financial Analyst,Lead (10-15 yrs),FL,17,145000,163000,177000,161118,139000,187647,48647
Financial Analyst,Lead (10-15 yrs),GA,14,130500,147500,175500,150929,131571,170571,39000
Financial Analyst,Lead (10-15 yrs),IL,10,135500,158500,192000,163800,134600,189600,55000
Financial Analyst,Lead (10-15 yrs),MA,11,163000,191000,205500,189455,160818,218364,57546
Financial Analyst,Lead (10-15 yrs),MN,8,133250,141000,144000,137625,115375,155500,40125
Financial Analyst,Lead (10-15 yrs),NY,37,197000,228000,253000,226270,194000,259946,65946
Financial Analyst,Lead (10-15 yrs),OR,11,130500,172000,178000,160636,138727,183091,44364
Financial Analyst,Lead (10-15 yrs),Remote,30,139250,157000,169000,154967,131867,176300,44433
Financial Analyst,Lead (10-15 yrs),TX,24,142750,160500,185500,162042,137000,184833,47833
Financial Analyst,Lead (10-15 yrs),WA,25,177000,184000,214000,190400,160680,217320,56640
Financial Analyst,Mid (3-5 yrs),AZ,41,81000,89000,99000,89951,76488,103317,26829
Financial Analyst,Mid (3-5 yrs),CA,129,108000,123000,137000,124605,105364,142814,37450
Financial Analyst,Mid (3-5 yrs),CO,40,83500,94000,102750,94100,80225,107975,27750
Financial Analyst,Mid (3-5 yrs),DC,32,94750,103500,114500,102500,87406,117344,29938
Financial Analyst,Mid (3-5 yrs),FL,39,84500,92000,99500,93308,79538,106718,27180
Financial Analyst,Mid (3-5 yrs),GA,31,72000,83000,92500,83742,69774,94806,25032
Financial Analyst,Mid (3-5 yrs),IL,38,90250,98000,106000,97211,82211,111053,28842
Financial Analyst,Mid (3-5 yrs),MA,33,102000,121000,126000,118333,99667,137273,37606
Financial Analyst,Mid (3-5 yrs),MN,40,76000,83500,94250,84475,70825,96900,26075
Financial Analyst,Mid (3-5 yrs),NY,95,108500,123000,134500,123063,104358,141074,36716
Financial Analyst,Mid (3-5 yrs),OR,37,87000,100000,107000,100000,83703,114811,31108
Financial Analyst,Mid (3-5 yrs),Remote,118,82000,90000,98000,90568,76161,104068,27907
Financial Analyst,Mid (3-5 yrs),TX,96,84000,96500,107250,96115,81500,110365,28865
Financial Analyst,Mid (3-5 yrs),WA,96,100000,112000,123250,112990,95052,128479,33427
Financial Analyst,Senior (6-9 yrs),AZ,25,102000,127000,138000,120360,103040,137400,34360
Financial Analyst,Senior (6-9 yrs),CA,98,145500,160000,178000,162163,137051,185255,48204
Financial Analyst,Senior (6-9 yrs),CO,29,113000,118000,133000,123103,104483,140379,35896
Financial Analyst,Senior (6-9 yrs),DC,48,126750,138000,155750,142229,121312,162771,41459
Financial Analyst,Senior (6-9 yrs),FL,38,107000,121000,131750,120053,100632,136053,35421
Financial Analyst,Senior (6-9 yrs),GA,29,104000,116000,126000,113931,96483,130448,33965
Financial Analyst,Senior (6-9 yrs),IL,44,118500,130000,152250,131909,112159,151705,39546
Financial Analyst,Senior (6-9 yrs),MA,28,120500,138000,160250,142321,120643,162250,41607
Financial Analyst,Senior (6-9 yrs),MN,30,101250,113500,133500,116167,97067,131300,34233
Financial Analyst,Senior (6-9 yrs),NY,73,146000,169000,186000,167836,141384,193137,51753
Financial Analyst,Senior (6-9 yrs),OR,41,118000,133000,156000,136341,116293,156951,40658
Financial Analyst,Senior (6-9 yrs),Remote,95,103000,118000,137000,118674,100168,136368,36200
Financial Analyst,Senior (6-9 yrs),TX,65,116000,129000,144000,128431,108477,147154,38677
Financial Analyst,Senior (6-9 yrs),WA,79,134000,152000,166500,153608,130114,175367,45253
Frontend Developer,Entry (0-2 yrs),AZ,34,66000,74500,81750,74294,62618,84618,22000
Frontend Developer,Entry (0-2 yrs),CA,68,104000,113000,123250,114529,97471,132103,34632
Frontend Developer,Entry (0-2 yrs),CO,24,78500,81500,87000,82417,69083,93083,24000
Frontend Developer,Entry (0-2 yrs),DC,21,81000,94000,100000,92714,78762,106571,27809
Frontend Developer,Entry (0-2 yrs),FL,26,74500,87000,94000,86038,72962,98192,25230
Frontend Developer,Entry (0-2 yrs),GA,21,75000,77000,83000,77857,66000,89571,23571
Frontend Developer,Entry (0-2 yrs),IL,24,72750,80000,87250,80667,66917,90417,23500
Frontend Developer,Entry (0-2 yrs),MA,21,95000,101000,112000,101762,85762,116143,30381
Frontend Developer,Entry (0-2 yrs),MN,23,66500,79000,84000,76304,65522,87609,22087
Frontend Developer,Entry (0-2 yrs),NY,59,102500,110000,120500,110661,94576,127424,32848
Frontend Developer,Entry (0-2 yrs),OR,16,77750,83000,90250,84312,69062,97438,28376
Frontend Developer,Entry (0-2 yrs),Remote,69,67000,76000,84000,76362,64130,87435,23305
Frontend Developer,Entry (0-2 yrs),TX,48,73000,82500,93250,84146,71500,96229,24729
Frontend Developer,Entry (0-2 yrs),WA,60,89750,98500,112250,99750,83883,114000,30117
Frontend Developer,Executive (15+ yrs),AZ,6,213250,222500,233250,227500,196667,260167,63500
Frontend Developer,Executive (15+ yrs),CA,20,277750,323000,355500,319050,275200,367300,92100
Frontend Developer,Executive (15+ yrs),CO,3,187500,193000,244500,223667,198667,263333,64666
Frontend Developer,Executive (15+ yrs),DC,8,241250,254000,271750,253250,210625,294875,84250
Frontend Developer,Executive (15+ yrs),GA,3,210000,236000,237000,219333,180000,243000,63000
Frontend Developer,Executive (15+ yrs),IL,6,220000,239500,262000,244333,211833,278000,66167
Frontend Developer,Executive (15+ yrs),MA,4,288500,321000,336250,303750,258250,349250,91000
Frontend Developer,Executive (15+ yrs),MN,6,188250,222500,227500,208500,178833,238667,59834
Frontend Developer,Executive (15+ yrs),NY,11,267500,277000,324500,298182,254000,341727,87727
Frontend Developer,Executive (15+ yrs),Remote,14,193000,215000,238750,217214,184857,249500,64643
Frontend Developer,Executive (15+ yrs),TX,11,197500,238000,254000,232455,201909,270636,68727
Frontend Developer,Executive (15+ yrs),WA,15,253000,280000,318000,286600,241200,334067,92867
Frontend Developer,Lead (10-15 yrs),AZ,16,150500,165500,195500,176188,148312,200812,52500
Frontend Developer,Lead (10-15 yrs),CA,41,220000,247000,282000,253244,214488,290366,75878
Frontend Developer,Lead (10-15 yrs),CO,9,176000,197000,209000,195222,166556,223444,56888
Frontend Developer,Lead (10-15 yrs),DC,14,199250,218000,241000,220500,188714,250357,61643
Frontend Developer,Lead (10-15 yrs),FL,9,181000,189000,204000,191222,167667,219000,51333
Frontend Developer,Lead (10-15 yrs),GA,13,168000,187000,200000,187308,159769,212615,52846
Frontend Developer,Lead (10-15 yrs),IL,13,189000,210000,260000,215385,179769,245538,65769
Frontend Developer,Lead (10-15 yrs),MA,8,211250,221500,261750,237375,203250,274625,71375
Frontend Developer,Lead (10-15 yrs),MN,21,168000,181000,206000,184905,156524,211333,54809
Frontend Developer,Lead (10-15 yrs),NY,31,217000,240000,286000,250000,211290,286581,75291
Frontend Developer,Lead (10-15 yrs),OR,10,181750,191500,223250,200900,177100,229600,52500
Frontend Developer,Lead (10-15 yrs),Remote,23,156500,193000,202000,180130,156000,207000,51000
Frontend Developer,Lead (10-15 yrs),TX,17,168000,177000,200000,179294,153059,205882,52823
Frontend Developer,Lead (10-15 yrs),WA,23,208500,222000,239500,227957,192696,263478,70782
Frontend Developer,Mid (3-5 yrs),AZ,41,90000,102000,118000,103951,88854,119634,30780
Frontend Developer,Mid (3-5 yrs),CA,136,129000,144500,165000,148250,125456,170963,45507
Frontend Developer,Mid (3-5 yrs),CO,38,93250,109500,127500,110026,93395,125605,32210
Frontend Developer,Mid (3-5 yrs),DC,43,108500,121000,135500,121442,102837,138000,35163
Frontend Developer,Mid (3-5 yrs),FL,33,98000,109000,127000,113515,96424,130152,33728
Frontend Developer,Mid (3-5 yrs),GA,34,97000,103500,112750,102147,85500,116765,31265
Frontend Developer,Mid (3-5 yrs),IL,39,107500,115000,133000,118077,99692,134282,34590
Frontend Developer,Mid (3-5 yrs),MA,35,118000,130000,147500,133514,112514,154914,42400
Frontend Developer,Mid (3-5 yrs),MN,33,94000,99000,110000,101303,84182,115818,31636
Frontend Developer,Mid (3-5 yrs),NY,81,127000,144000,161000,143728,121543,167173,45630
Frontend Developer,Mid (3-5 yrs),OR,38,102250,118500,129750,117289,99316,134053,34737
Frontend Developer,Mid (3-5 yrs),Remote,106,91000,104500,116000,105075,88198,119868,31670
Frontend Developer,Mid (3-5 yrs),TX,89,101000,109000,122000,111685,94562,127921,33359
Frontend Developer,Mid (3-5 yrs),WA,93,123000,135000,148000,135323,113849,155548,41699
Frontend Developer,Senior (6-9 yrs),AZ,37,118000,134000,150000,134432,115135,153811,38676
Frontend Developer,Senior (6-9 yrs),CA,124,171750,192500,212000,194250,164677,221831,57154
Frontend Developer,Senior (6-9 yrs),CO,26,121000,152500,166500,149538,126231,171538,45307
Frontend Developer,Senior (6-9 yrs),DC,41,150000,174000,192000,174073,147244,202488,55244
Frontend Developer,Senior (6-9 yrs),FL,19,126000,134000,146500,136316,115895,156421,40526
Frontend Developer,Senior (6-9 yrs),GA,32,123750,141000,163000,147469,126219,169469,43250
Frontend Developer,Senior (6-9 yrs),IL,42,138250,151000,173000,155333,131762,178548,46786
Frontend Developer,Senior (6-9 yrs),MA,31,163000,181000,204000,183387,155290,209419,54129
Frontend Developer,Senior (6-9 yrs),MN,33,125000,134000,148000,138576,116242,158848,42606
Frontend Developer,Senior (6-9 yrs),NY,69,168000,189000,208000,190638,161304,216493,55189
Frontend Developer,Senior (6-9 yrs),OR,27,138000,154000,171000,155741,133815,178296,44481
Frontend Developer,Senior (6-9 yrs),Remote,88,127750,138500,158000,141773,119932,163523,43591
Frontend Developer,Senior (6-9 yrs),TX,55,133500,146000,163000,147509,126382,168327,41945
Frontend Developer,Senior (6-9 yrs),WA,74,166000,181000,196750,182176,153784,208027,54243
HR Manager,Entry (0-2 yrs),AZ,27,52500,57000,61500,56963,48370,64556,16186
HR Manager,Entry (0-2 yrs),CA,85,72000,79000,88000,80106,67306,91788,24482
HR Manager,Entry (0-2 yrs),CO,28,51750,63500,68000,61250,51179,70607,19428
HR Manager,Entry (0-2 yrs),DC,18,68500,75000,79750,74667,62833,85167,22334
HR Manager,Entry (0-2 yrs),FL,24,56000,64500,67500,63708,54000,72958,18958
HR Manager,Entry (0-2 yrs),GA,32,50000,53500,61000,55219,47031,63188,16157
HR Manager,Entry (0-2 yrs),IL,20,53500,62000,74000,63400,52000,71700,19700
HR Manager,Entry (0-2 yrs),MA,22,63250,69000,81750,71500,59864,81091,21227
HR Manager,Entry (0-2 yrs),MN,30,50000,56500,63000,56500,47767,64100,16333
HR Manager,Entry (0-2 yrs),NY,51,74500,81000,88000,81235,68745,92510,23765
HR Manager,Entry (0-2 yrs),OR,19,53500,63000,67500,61842,52684,69947,17263
HR Manager,Entry (0-2 yrs),Remote,67,50000,56000,62000,57030,47478,65045,17567
HR Manager,Entry (0-2 yrs),TX,57,56000,62000,69000,62719,52596,72053,19457
HR Manager,Entry (0-2 yrs),WA,50,65250,71500,79500,72260,60960,82680,21720
HR Manager,Executive (15+ yrs),AZ,10,138250,156500,159750,153900,128500,175700,47200
HR Manager,Executive (15+ yrs),CA,22,201000,220000,241250,229727,197364,265091,67727
HR Manager,Executive (15+ yrs),FL,3,145500,148000,157000,152333,133000,172000,39000
HR Manager,Executive (15+ yrs),GA,5,176000,181000,198000,187600,158000,217600,59600
HR Manager,Executive (15+ yrs),IL,7,172000,201000,207000,192143,164857,221429,56572
HR Manager,Executive (15+ yrs),MA,3,190500,203000,212500,201000,170333,230667,60334
HR Manager,Executive (15+ yrs),NY,14,225000,238000,251500,239214,201929,275286,73357
HR Manager,Executive (15+ yrs),OR,7,177500,182000,198000,180714,154143,209571,55428
HR Manager,Executive (15+ yrs),Remote,11,132500,155000,186500,157636,132273,180364,48091
HR Manager,Executive (15+ yrs),TX,10,162000,184000,193750,180900,156300,207300,51000
HR Manager,Executive (15+ yrs),WA,9,204000,241000,251000,228556,199000,265556,66556
HR Manager,Lead (10-15 yrs),AZ,10,126500,132500,138000,131700,112200,149900,37700
HR Manager,Lead (10-15 yrs),CA,33,153000,178000,201000,178091,149758,206758,57000
HR Manager,Lead (10-15 yrs),CO,13,124000,147000,161000,142846,120462,163308,42846
HR Manager,Lead (10-15 yrs),DC,13,150000,168000,169000,160769,134308,185769,51461
HR Manager,Lead (10-15 yrs),FL,10,114000,129500,141250,130000,110700,147700,37000
HR Manager,Lead (10-15 yrs),GA,14,115250,126000,144250,130071,109571,147071,37500
HR Manager,Lead (10-15 yrs),IL,15,129500,136000,151000,139133,117600,160400,42800
HR Manager,Lead (10-15 yrs),MA,17,145000,165000,171000,161588,134647,185353,50706
HR Manager,Lead (10-15 yrs),MN,11,115500,125000,136500,124455,106818,142091,35273
HR Manager,Lead (10-15 yrs),NY,25,166000,177000,201000,180160,153120,208160,55040
HR Manager,Lead (10-15 yrs),OR,9,141000,159000,172000,155778,128222,179667,51445
HR Manager,Lead (10-15 yrs),Remote,31,109500,121000,147000,125968,107097,144419,37322
HR Manager,Lead (10-15 yrs),TX,26,125500,140500,154750,140115,119346,159577,40231
HR Manager,Lead (10-15 yrs),WA,33,147000,157000,175000,162182,136303,186242,49939
HR Manager,Mid (3-5 yrs),AZ,27,71500,78000,84000,76704,65778,87778,22000
HR Manager,Mid (3-5 yrs),CA,153,96000,112000,123000,110418,93301,126425,33124
HR Manager,Mid (3-5 yrs),CO,50,71500,78500,88750,81020,69180,92480,23300
HR Manager,Mid (3-5 yrs),DC,50,81000,93000,100750,91880,77700,105700,28000
HR Manager,Mid (3-5 yrs),FL,27,72500,83000,90000,81519,69963,92741,22778
HR Manager,Mid (3-5 yrs),GA,33,69000,78000,84000,78970,65455,90212,24757
HR Manager,Mid (3-5 yrs),IL,49,74000,83000,93000,83408,70898,95061,24163
HR Manager,Mid (3-5 yrs),MA,36,82750,89500,104500,93917,78194,107611,29417
HR Manager,Mid (3-5 yrs),MN,48,68000,76500,83500,76354,64438,87854,23416
HR Manager,Mid (3-5 yrs),NY,109,97000,107000,115000,106807,90321,121807,31486
HR Manager,Mid (3-5 yrs),OR,29,79000,86000,90000,84931,72276,97103,24827
HR Manager,Mid (3-5 yrs),Remote,118,68000,75000,86500,77085,65339,88110,22771
HR Manager,Mid (3-5 yrs),TX,56,72000,78000,93000,82161,69679,94214,24535
HR Manager,Mid (3-5 yrs),WA,102,88250,98000,107000,98431,82902,113745,30843
HR Manager,Senior (6-9 yrs),AZ,26,86500,98000,116750,102308,86346,116154,29808
HR Manager,Senior (6-9 yrs),CA,97,131000,151000,166000,149722,127464,172340,44876
HR Manager,Senior (6-9 yrs),CO,34,95250,105500,117000,107294,90029,122412,32383
HR Manager,Senior (6-9 yrs),DC,30,109250,123000,132250,123433,105067,142333,37266
HR Manager,Senior (6-9 yrs),FL,27,89000,105000,121000,106185,88778,120815,32037
HR Manager,Senior (6-9 yrs),GA,33,90000,99000,113000,101333,86727,116152,29425
HR Manager,Senior (6-9 yrs),IL,29,95000,103000,120000,108586,91517,123828,32311
HR Manager,Senior (6-9 yrs),MA,33,109000,127000,149000,127364,108758,144667,35909
HR Manager,Senior (6-9 yrs),MN,31,89000,96000,102500,99032,83484,113613,30129
HR Manager,Senior (6-9 yrs),NY,71,134500,143000,158000,145070,121901,166676,44775
HR Manager,Senior (6-9 yrs),OR,34,107250,117000,121750,114412,96176,131206,35030
HR Manager,Senior (6-9 yrs),Remote,86,91250,106000,119750,106384,89977,122000,32023
HR Manager,Senior (6-9 yrs),TX,61,97000,108000,119000,107984,91918,123836,31918
HR Manager,Senior (6-9 yrs),WA,64,120000,134000,147250,134859,113953,153781,39828
Machine Learning Engineer,Entry (0-2 yrs),AZ,20,91000,99500,110500,102100,86550,117550,31000
Machine Learning Engineer,Entry (0-2 yrs),CA,91,131000,146000,168000,150495,128978,172857,43879
Machine Learning Engineer,Entry (0-2 yrs),CO,23,106500,113000,119500,112261,96304,127696,31392
Machine Learning Engineer,Entry (0-2 yrs),DC,30,121250,128500,142000,131667,111800,149467,37667
Machine Learning Engineer,Entry (0-2 yrs),FL,25,97000,118000,132000,115560,96760,131120,34360
Machine Learning Engineer,Entry (0-2 yrs),GA,25,101000,106000,124000,110480,93240,127360,34120
Machine Learning Engineer,Entry (0-2 yrs),IL,28,104500,122000,132250,119357,101393,136821,35428
Machine Learning Engineer,Entry (0-2 yrs),MA,30,116250,133500,145500,130667,111100,150300,39200
Machine Learning Engineer,Entry (0-2 yrs),MN,24,95750,108000,119500,108125,92083,124708,32625
Machine Learning Engineer,Entry (0-2 yrs),NY,65,140000,157000,169000,154985,131538,177477,45939
Machine Learning Engineer,Entry (0-2 yrs),OR,30,106000,121500,137500,123533,104933,142967,38034
Machine Learning Engineer,Entry (0-2 yrs),Remote,77,92000,108000,118000,107143,91104,122597,31493
Machine Learning Engineer,Entry (0-2 yrs),TX,43,101500,108000,122000,111953,96047,128326,32279
Machine Learning Engineer,Entry (0-2 yrs),WA,63,130000,139000,154000,142365,121238,164270,43032
Machine Learning Engineer,Executive (15+ yrs),AZ,7,267500,303000,338000,301143,253429,345857,92428
Machine Learning Engineer,Executive (15+ yrs),CA,22,398750,430500,471250,441636,368500,509227,140727
Machine Learning Engineer,Executive (15+ yrs),CO,3,311000,326000,333000,320667,270000,381667,111667
Machine Learning Engineer,Executive (15+ yrs),DC,9,308000,353000,357000,338778,289778,385889,96111
Machine Learning Engineer,Executive (15+ yrs),FL,5,270000,295000,320000,293800,251800,335000,83200
Machine Learning Engineer,Executive (15+ yrs),GA,4,308000,324000,326000,310000,262250,352750,90500
Machine Learning Engineer,Executive (15+ yrs),IL,6,280000,319000,339250,305167,255167,353833,98666
Machine Learning Engineer,Executive (15+ yrs),MA,4,395250,400000,412250,407500,344500,471250,126750
Machine Learning Engineer,Executive (15+ yrs),MN,4,281500,296500,325750,310750,270250,350500,80250
Machine Learning Engineer,Executive (15+ yrs),NY,15,391000,428000,444500,415200,341533,479333,137800
Machine Learning Engineer,Executive (15+ yrs),OR,8,288500,325500,358250,326375,276625,374125,97500
Machine Learning Engineer,Executive (15+ yrs),Remote,30,274000,292500,323750,293867,248500,337600,89100
Machine Learning Engineer,Executive (15+ yrs),TX,12,259750,332500,374000,326417,274583,378667,104084
Machine Learning Engineer,Executive (15+ yrs),WA,7,427000,437000,483500,438714,379857,491857,112000
Machine Learning Engineer,Lead (10-15 yrs),AZ,8,197500,251500,265250,239375,210500,279875,69375
Machine Learning Engineer,Lead (10-15 yrs),CA,48,298000,333000,395750,338771,285375,391583,106208
Machine Learning Engineer,Lead (10-15 yrs),CO,6,258500,273500,281750,275333,236000,321833,85833
Machine Learning Engineer,Lead (10-15 yrs),DC,11,273500,282000,296000,294091,256182,336636,80454
Machine Learning Engineer,Lead (10-15 yrs),FL,5,298000,303000,338000,308600,248000,355600,107600
Machine Learning Engineer,Lead (10-15 yrs),GA,10,215000,255500,278000,248400,213800,286100,72300
Machine Learning Engineer,Lead (10-15 yrs),IL,15,243000,275000,309500,277600,232000,317467,85467
Machine Learning Engineer,Lead (10-15 yrs),MA,10,294500,340000,391500,350300,305400,399800,94400
Machine Learning Engineer,Lead (10-15 yrs),MN,9,229000,234000,256000,239889,201667,275667,74000
Machine Learning Engineer,Lead (10-15 yrs),NY,20,308000,342000,360500,338000,286650,385500,98850
Machine Learning Engineer,Lead (10-15 yrs),OR,17,232000,246000,289000,259765,220059,301294,81235
Machine Learning Engineer,Lead (10-15 yrs),Remote,38,218250,251500,269750,248447,210158,283184,73026
Machine Learning Engineer,Lead (10-15 yrs),TX,20,257750,290000,308250,285100,239400,325500,86100
Machine Learning Engineer,Lead (10-15 yrs),WA,31,278500,303000,371500,325097,274161,374677,100516
Machine Learning Engineer,Mid (3-5 yrs),AZ,46,126000,147000,155750,145717,123239,167457,44218
Machine Learning Engineer,Mid (3-5 yrs),CA,142,180000,200500,221000,200789,170014,229725,59711
Machine Learning Engineer,Mid (3-5 yrs),CO,37,129000,146000,164000,146838,124838,169162,44324
Machine Learning Engineer,Mid (3-5 yrs),DC,45,160000,177000,190000,180044,152311,207333,55022
Machine Learning Engineer,Mid (3-5 yrs),FL,36,129750,141500,161000,145667,122111,166861,44750
Machine Learning Engineer,Mid (3-5 yrs),GA,45,130000,150000,166000,147867,125800,169178,43378
Machine Learning Engineer,Mid (3-5 yrs),IL,33,134000,151000,169000,153273,128697,175273,46576
Machine Learning Engineer,Mid (3-5 yrs),MA,50,159250,175500,199250,179100,150080,205660,55580
Machine Learning Engineer,Mid (3-5 yrs),MN,38,118250,128500,143750,135526,115105,155658,40553
Machine Learning Engineer,Mid (3-5 yrs),NY,90,179250,199500,220750,200544,168622,229000,60378
Machine Learning Engineer,Mid (3-5 yrs),OR,42,136250,158000,171750,157929,133143,180738,47595
Machine Learning Engineer,Mid (3-5 yrs),Remote,112,126750,141500,163000,145562,123312,166518,43206
Machine Learning Engineer,Mid (3-5 yrs),TX,82,134000,151000,170750,151159,128902,173280,44378
Machine Learning Engineer,Mid (3-5 yrs),WA,84,164750,190000,213000,190750,161405,219571,58166
Machine Learning Engineer,Senior (6-9 yrs),AZ,30,172500,196000,213750,194900,165433,224300,58867
Machine Learning Engineer,Senior (6-9 yrs),CA,100,236750,270000,303000,275280,234840,316350,81510
Machine Learning Engineer,Senior (6-9 yrs),CO,38,175500,188500,222000,202026,170789,231579,60790
Machine Learning Engineer,Senior (6-9 yrs),DC,28,202000,256500,270000,238500,202857,275036,72179
Machine Learning Engineer,Senior (6-9 yrs),FL,27,183000,208000,247500,218185,184704,250185,65481
Machine Learning Engineer,Senior (6-9 yrs),GA,33,168000,188000,228000,196182,166303,224455,58152
Machine Learning Engineer,Senior (6-9 yrs),IL,45,191000,206000,228000,213022,180933,243089,62156
Machine Learning Engineer,Senior (6-9 yrs),MA,30,211750,231000,256500,237200,199900,274233,74333
Machine Learning Engineer,Senior (6-9 yrs),MN,26,171250,184500,203000,188038,157500,214269,56769
Machine Learning Engineer,Senior (6-9 yrs),NY,71,235500,255000,284000,258085,218606,295803,77197
Machine Learning Engineer,Senior (6-9 yrs),OR,33,191000,214000,227000,209152,175576,238515,62939
Machine Learning Engineer,Senior (6-9 yrs),Remote,92,170000,191000,208000,190022,160652,218576,57924
Machine Learning Engineer,Senior (6-9 yrs),TX,53,185000,200000,225000,208358,177132,239623,62491
Machine Learning Engineer,Senior (6-9 yrs),WA,90,225250,253000,280750,251744,214844,289989,75145
Marketing Manager,Entry (0-2 yrs),AZ,22,62250,70500,77250,71318,60773,81091,20318
Marketing Manager,Entry (0-2 yrs),CA,92,86000,98000,109250,99315,83609,114293,30684
Marketing Manager,Entry (0-2 yrs),CO,24,65000,72500,88000,76500,64083,87083,23000
Marketing Manager,Entry (0-2 yrs),DC,22,79500,91000,96750,88636,75136,102909,27773
Marketing Manager,Entry (0-2 yrs),FL,22,68000,75000,85000,76682,63500,87591,24091
Marketing Manager,Entry (0-2 yrs),GA,28,63000,70000,77250,70607,60357,81321,20964
Marketing Manager,Entry (0-2 yrs),IL,19,68500,76000,78500,74368,62263,84526,22263
Marketing Manager,Entry (0-2 yrs),MA,25,78000,94000,104000,91360,78400,103920,25520
Marketing Manager,Entry (0-2 yrs),MN,24,64500,68500,76000,71125,59958,81375,21417
Marketing Manager,Entry (0-2 yrs),NY,62,87250,98000,104750,98597,82984,112581,29597
Marketing Manager,Entry (0-2 yrs),OR,24,67750,77000,81000,75875,63667,86625,22958
Marketing Manager,Entry (0-2 yrs),Remote,75,64000,71000,79000,71920,60120,81853,21733
Marketing Manager,Entry (0-2 yrs),TX,50,66250,75000,80000,74260,62300,84880,22580
Marketing Manager,Entry (0-2 yrs),WA,61,83000,91000,99000,90885,76295,103590,27295
Marketing Manager,Executive (15+ yrs),AZ,5,200000,203000,209000,197800,171200,230800,59600
Marketing Manager,Executive (15+ yrs),CA,14,283500,302000,346000,310929,263214,357714,94500
Marketing Manager,Executive (15+ yrs),CO,5,190000,233000,257000,224000,187000,258800,71800
Marketing Manager,Executive (15+ yrs),DC,9,239000,246000,264000,248222,207889,289444,81555
Marketing Manager,Executive (15+ yrs),FL,4,169750,188500,211750,193000,166000,216750,50750
Marketing Manager,Executive (15+ yrs),GA,3,179000,185000,221500,205333,173000,237333,64333
Marketing Manager,Executive (15+ yrs),IL,4,228500,238500,247500,237500,203250,282000,78750
Marketing Manager,Executive (15+ yrs),MA,4,207500,254000,300750,254250,215500,298250,82750
Marketing Manager,Executive (15+ yrs),MN,4,186750,207000,217500,197250,167500,226750,59250
Marketing Manager,Executive (15+ yrs),NY,14,234750,256000,275000,259143,218571,299929,81358
Marketing Manager,Executive (15+ yrs),OR,8,198250,210500,239000,212375,179000,244625,65625
Marketing Manager,Executive (15+ yrs),Remote,14,169000,190500,209750,194929,164500,224857,60357
Marketing Manager,Executive (15+ yrs),TX,8,206500,229000,241750,228125,193000,259625,66625
Marketing Manager,Executive (15+ yrs),WA,13,228000,260000,302000,262692,222769,302231,79462
Marketing Manager,Lead (10-15 yrs),AZ,10,130000,146500,171000,150100,123500,169600,46100
Marketing Manager,Lead (10-15 yrs),CA,43,181000,227000,258500,222256,190279,254000,63721
Marketing Manager,Lead (10-15 yrs),CO,8,150000,155500,163500,155000,127500,179875,52375
Marketing Manager,Lead (10-15 yrs),DC,12,187000,206500,218000,205917,176917,236333,59416
Marketing Manager,Lead (10-15 yrs),FL,12,155250,158500,171750,164833,141917,186667,44750
Marketing Manager,Lead (10-15 yrs),GA,16,144500,155500,171750,159688,136312,184438,48126
Marketing Manager,Lead (10-15 yrs),IL,14,166500,178500,187500,177857,150714,201643,50929
Marketing Manager,Lead (10-15 yrs),MA,12,206000,219000,236250,219667,184167,257333,73166
Marketing Manager,Lead (10-15 yrs),MN,12,137500,151500,172250,153667,127750,178333,50583
Marketing Manager,Lead (10-15 yrs),NY,24,214000,235000,263000,235583,198667,265333,66666
Marketing Manager,Lead (10-15 yrs),OR,13,152000,166000,178000,162846,139846,186692,46846
Marketing Manager,Lead (10-15 yrs),Remote,39,133500,149000,168000,154692,131103,177846,46743
Marketing Manager,Lead (10-15 yrs),TX,29,156000,171000,192000,176448,149414,203448,54034
Marketing Manager,Lead (10-15 yrs),WA,21,184000,200000,215000,200571,168143,230143,62000
Marketing Manager,Mid (3-5 yrs),AZ,36,73500,86500,93000,85389,71750,98361,26611
Marketing Manager,Mid (3-5 yrs),CA,121,119000,131000,146000,134504,113669,154339,40670
Marketing Manager,Mid (3-5 yrs),CO,35,90500,98000,107500,100514,84429,114914,30485
Marketing Manager,Mid (3-5 yrs),DC,49,100000,113000,127000,114000,96571,129490,32919
Marketing Manager,Mid (3-5 yrs),FL,39,86500,96000,108500,97769,82615,112308,29693
Marketing Manager,Mid (3-5 yrs),GA,43,85000,95000,101000,93837,79395,108372,28977
Marketing Manager,Mid (3-5 yrs),IL,35,87000,99000,108500,100371,84886,114514,29628
Marketing Manager,Mid (3-5 yrs),MA,28,106750,117000,127250,117679,99750,135393,35643
Marketing Manager,Mid (3-5 yrs),MN,42,85000,94000,106000,95571,80619,108286,27667
Marketing Manager,Mid (3-5 yrs),NY,96,122000,135000,144250,135333,113469,154896,41427
Marketing Manager,Mid (3-5 yrs),OR,43,86000,96000,105000,95512,80163,108814,28651
Marketing Manager,Mid (3-5 yrs),Remote,126,84250,95000,103000,94643,80484,108310,27826
Marketing Manager,Mid (3-5 yrs),TX,73,88000,99000,108000,99603,83849,114068,30219
Marketing Manager,Mid (3-5 yrs),WA,104,112000,121000,135250,122990,103865,141154,37289
Marketing Manager,Senior (6-9 yrs),AZ,32,109750,122500,133000,122844,104406,140469,36063
Marketing Manager,Senior (6-9 yrs),CA,114,158000,174000,194750,178807,152061,206211,54150
Marketing Manager,Senior (6-9 yrs),CO,28,125250,135000,154250,137143,117393,157500,40107
Marketing Manager,Senior (6-9 yrs),DC,28,141000,155500,163250,152643,128750,174643,45893
Marketing Manager,Senior (6-9 yrs),FL,31,114500,133000,144500,130839,110258,149452,39194
Marketing Manager,Senior (6-9 yrs),GA,44,110750,130000,144500,128932,109705,149523,39818
Marketing Manager,Senior (6-9 yrs),IL,31,119500,131000,147000,132806,111194,152774,41580
Marketing Manager,Senior (6-9 yrs),MA,33,141000,158000,174000,157000,133152,181939,48787
Marketing Manager,Senior (6-9 yrs),MN,35,114500,123000,139000,124943,106400,145371,38971
Marketing Manager,Senior (6-9 yrs),NY,71,158500,174000,195500,174817,147549,200958,53409
Marketing Manager,Senior (6-9 yrs),OR,26,134250,140000,153250,141346,119731,162308,42577
Marketing Manager,Senior (6-9 yrs),Remote,92,111000,124500,149250,129435,109457,148554,39097
Marketing Manager,Senior (6-9 yrs),TX,59,121000,145000,154500,139085,116729,159356,42627
Marketing Manager,Senior (6-9 yrs),WA,95,144000,160000,185000,163821,138137,187463,49326
Operations Manager,Entry (0-2 yrs),AZ,22,60500,65000,71750,67000,56182,77318,21136
Operations Manager,Entry (0-2 yrs),CA,68,88750,95000,105000,96926,81324,111647,30323
Operations Manager,Entry (0-2 yrs),CO,29,62000,73000,87000,73793,62276,84034,21758
Operations Manager,Entry (0-2 yrs),DC,19,76000,91000,96000,86000,72105,98632,26527
Operations Manager,Entry (0-2 yrs),FL,24,64750,68000,77500,70417,59292,80667,21375
Operations Manager,Entry (0-2 yrs),GA,15,60000,63000,70000,64800,55467,72533,17066
Operations Manager,Entry (0-2 yrs),IL,28,64000,75000,81250,74536,62429,84964,22535
Operations Manager,Entry (0-2 yrs),MA,31,79000,89000,95500,89484,75097,102419,27322
Operations Manager,Entry (0-2 yrs),MN,36,63000,69500,74500,68833,57889,78472,20583
Operations Manager,Entry (0-2 yrs),NY,75,89000,97000,106500,97973,82747,111440,28693
Operations Manager,Entry (0-2 yrs),OR,26,67250,73500,86000,75500,64269,86500,22231
Operations Manager,Entry (0-2 yrs),Remote,78,62250,68000,77000,70064,58872,79769,20897
Operations Manager,Entry (0-2 yrs),TX,50,64250,71000,79000,73040,61300,84440,23140
Operations Manager,Entry (0-2 yrs),WA,62,83000,93000,101750,93806,79484,107323,27839
Operations Manager,Executive (15+ yrs),AZ,13,187000,191000,214000,197154,169538,224154,54616
Operations Manager,Executive (15+ yrs),CA,18,258250,285500,299750,279278,240278,319556,79278
Operations Manager,Executive (15+ yrs),CO,8,180250,195000,218250,203000,170750,234000,63250
Operations Manager,Executive (15+ yrs),DC,6,193500,218500,247250,219833,183167,250833,67666
Operations Manager,Executive (15+ yrs),FL,7,202500,211000,230500,215143,182714,248571,65857
Operations Manager,Executive (15+ yrs),GA,10,167500,192000,225000,193900,161900,227300,65400
Operations Manager,Executive (15+ yrs),IL,5,191000,235000,262000,227200,194600,260800,66200
Operations Manager,Executive (15+ yrs),MA,6,246250,250000,259750,254500,221500,299667,78167
Operations Manager,Executive (15+ yrs),MN,7,182500,195000,205000,194857,167000,229286,62286
Operations Manager,Executive (15+ yrs),NY,16,246500,278500,296000,269812,228938,313938,85000
Operations Manager,Executive (15+ yrs),OR,9,194000,211000,228000,208889,177889,240444,62555
Operations Manager,Executive (15+ yrs),Remote,7,175000,200000,214500,191000,165714,220429,54715
Operations Manager,Executive (15+ yrs),TX,11,186500,230000,241000,225182,186273,259091,72818
Operations Manager,Executive (15+ yrs),WA,7,255500,279000,297000,273571,228571,315000,86429
Operations Manager,Lead (10-15 yrs),AZ,18,139500,159000,179500,159556,136667,181444,44777
Operations Manager,Lead (10-15 yrs),CA,31,199000,229000,253000,228323,193968,261839,67871
Operations Manager,Lead (10-15 yrs),CO,10,138500,158000,183000,160900,136500,185400,48900
Operations Manager,Lead (10-15 yrs),DC,10,181750,208000,213000,200000,169900,227600,57700
Operations Manager,Lead (10-15 yrs),FL,13,154000,178000,180000,171615,147231,198077,50846
Operations Manager,Lead (10-15 yrs),GA,9,150000,158000,165000,156111,133444,177111,43667
Operations Manager,Lead (10-15 yrs),IL,11,152500,174000,199500,174455,149273,197091,47818
Operations Manager,Lead (10-15 yrs),MA,9,157000,192000,221000,189889,160111,212778,52667
Operations Manager,Lead (10-15 yrs),MN,6,148000,160500,164000,157000,137667,181167,43500
Operations Manager,Lead (10-15 yrs),NY,28,196250,220000,251750,223286,191143,254071,62928
Operations Manager,Lead (10-15 yrs),OR,8,151500,172500,203500,178500,157625,202125,44500
Operations Manager,Lead (10-15 yrs),Remote,28,135000,154000,172750,155964,133429,179964,46535
Operations Manager,Lead (10-15 yrs),TX,18,140250,165000,184250,166556,140333,190222,49889
Operations Manager,Lead (10-15 yrs),WA,27,186500,216000,229500,211704,179889,243407,63518
Operations Manager,Mid (3-5 yrs),AZ,50,78250,88500,97000,89000,75700,101160,25460
Operations Manager,Mid (3-5 yrs),CA,140,111000,127000,146000,128736,108607,147186,38579
Operations Manager,Mid (3-5 yrs),CO,46,88250,96000,110500,98652,83304,113413,30109
Operations Manager,Mid (3-5 yrs),DC,42,99250,110000,121000,110905,94333,128214,33881
Operations Manager,Mid (3-5 yrs),FL,38,87000,93500,102000,95711,80500,110421,29921
Operations Manager,Mid (3-5 yrs),GA,46,82000,92000,105000,93043,78870,106652,27782
Operations Manager,Mid (3-5 yrs),IL,41,90000,104000,113000,102634,87122,117341,30219
Operations Manager,Mid (3-5 yrs),MA,41,102000,117000,127000,115341,96976,131732,34756
Operations Manager,Mid (3-5 yrs),MN,48,84750,90000,103500,93417,78417,107000,28583
Operations Manager,Mid (3-5 yrs),NY,89,120000,133000,143000,133528,112236,154573,42337
Operations Manager,Mid (3-5 yrs),OR,33,97000,104000,116000,107000,90182,123455,33273
Operations Manager,Mid (3-5 yrs),Remote,129,84000,94000,106000,94853,80000,108442,28442
Operations Manager,Mid (3-5 yrs),TX,73,89000,100000,113000,101808,86589,116959,30370
Operations Manager,Mid (3-5 yrs),WA,99,103000,117000,134500,119798,101879,137354,35475
Operations Manager,Senior (6-9 yrs),AZ,33,106000,119000,135000,120364,102273,138788,36515
Operations Manager,Senior (6-9 yrs),CA,99,155500,176000,199000,177808,150768,203960,53192
Operations Manager,Senior (6-9 yrs),CO,31,121500,132000,149500,134710,115290,153935,38645
Operations Manager,Senior (6-9 yrs),DC,22,136750,149500,161750,151045,127182,175455,48273
Operations Manager,Senior (6-9 yrs),FL,34,116000,128500,146750,131353,113000,150176,37176
Operations Manager,Senior (6-9 yrs),GA,26,107500,119500,134500,123269,105577,141769,36192
Operations Manager,Senior (6-9 yrs),IL,18,139000,150000,164750,148333,126167,169000,42833
Operations Manager,Senior (6-9 yrs),MA,36,132750,146500,165250,150083,126722,171583,44861
Operations Manager,Senior (6-9 yrs),MN,35,112000,129000,136000,125914,105429,143657,38228
Operations Manager,Senior (6-9 yrs),NY,77,154000,178000,198000,176792,150377,204013,53636
Operations Manager,Senior (6-9 yrs),OR,42,128000,143000,157500,143786,121429,165310,43881
Operations Manager,Senior (6-9 yrs),Remote,94,112250,125500,137750,126723,107649,145447,37798
Operations Manager,Senior (6-9 yrs),TX,52,115000,125500,144750,130981,112173,149962,37789
Operations Manager,Senior (6-9 yrs),WA,71,143500,161000,184000,167225,141986,191028,49042
Product Manager,Entry (0-2 yrs),AZ,23,89500,110000,126500,108957,91913,125522,33609
Product Manager,Entry (0-2 yrs),CA,68,127750,141500,168250,146456,124456,168353,43897
Product Manager,Entry (0-2 yrs),CO,31,94000,101000,109000,101710,84516,116806,32290
Product Manager,Entry (0-2 yrs),DC,31,116500,123000,135000,125871,107452,143452,36000
Product Manager,Entry (0-2 yrs),FL,22,100250,106500,119000,109364,92364,125227,32863
Product Manager,Entry (0-2 yrs),GA,23,95000,100000,114000,104609,88652,120913,32261
Product Manager,Entry (0-2 yrs),IL,22,100000,112500,127750,114000,96182,130409,34227
Product Manager,Entry (0-2 yrs),MA,36,110750,124000,142500,127361,107556,146722,39166
Product Manager,Entry (0-2 yrs),MN,21,88000,105000,113000,100476,84238,114714,30476
Product Manager,Entry (0-2 yrs),NY,51,130000,141000,156000,144922,123686,165745,42059
Product Manager,Entry (0-2 yrs),OR,17,103000,113000,124000,114294,94529,129765,35236
Product Manager,Entry (0-2 yrs),Remote,73,94000,105000,118000,105507,89863,120192,30329
Product Manager,Entry (0-2 yrs),TX,49,95000,109000,122000,109510,92490,125673,33183
Product Manager,Entry (0-2 yrs),WA,61,118000,136000,146000,134262,114557,154115,39558
Product Manager,Executive (15+ yrs),CA,23,321000,411000,436000,394261,333087,448696,115609
Product Manager,Executive (15+ yrs),CO,9,239000,296000,321000,298667,255111,349000,93889
Product Manager,Executive (15+ yrs),DC,4,371000,398000,408000,381000,316000,430750,114750
Product Manager,Executive (15+ yrs),FL,6,274500,309000,336750,310833,264500,356333,91833
Product Manager,Executive (15+ yrs),GA,5,265000,277000,283000,276400,226400,316200,89800
Product Manager,Executive (15+ yrs),IL,3,294500,324000,325000,305000,259667,340333,80666
Product Manager,Executive (15+ yrs),MA,6,317000,332500,387750,364500,312833,414167,101334
Product Manager,Executive (15+ yrs),MN,5,280000,284000,285000,285600,237600,330200,92600
Product Manager,Executive (15+ yrs),NY,8,406500,425000,447750,431125,367750,497000,129250
Product Manager,Executive (15+ yrs),OR,8,303000,338000,360500,327375,280750,372875,92125
Product Manager,Executive (15+ yrs),Remote,18,264500,290500,331250,299944,252889,342944,90055
Product Manager,Executive (15+ yrs),TX,10,235500,253000,353500,286500,241000,327400,86400
Product Manager,Executive (15+ yrs),WA,12,330500,368000,379000,364833,313583,419250,105667
Product Manager,Lead (10-15 yrs),AZ,3,192000,207000,222000,207000,176000,238333,62333
Product Manager,Lead (10-15 yrs),CA,20,308500,335500,368750,337000,286950,389900,102950
Product Manager,Lead (10-15 yrs),CO,9,216000,217000,224000,225222,194444,259333,64889
Product Manager,Lead (10-15 yrs),DC,4,238250,253500,288000,272750,236000,309500,73500
Product Manager,Lead (10-15 yrs),FL,10,227000,244500,256500,246900,214900,284100,69200
Product Manager,Lead (10-15 yrs),GA,5,204000,231000,254000,230600,204200,269400,65200
Product Manager,Lead (10-15 yrs),IL,14,240000,260500,305750,265429,225857,301500,75643
Product Manager,Lead (10-15 yrs),MA,9,261000,292000,315000,291000,244333,337667,93334
Product Manager,Lead (10-15 yrs),MN,15,192500,244000,261000,226667,191867,261600,69733
Product Manager,Lead (10-15 yrs),NY,18,281500,323000,344750,319111,269444,362222,92778
Product Manager,Lead (10-15 yrs),OR,11,213500,240000,259000,240455,202636,275455,72819
Product Manager,Lead (10-15 yrs),Remote,47,198000,221000,272000,234043,198638,269915,71277
Product Manager,Lead (10-15 yrs),TX,23,225500,240000,267000,247609,212565,286435,73870
Product Manager,Lead (10-15 yrs),WA,25,263000,296000,320000,297320,254720,344640,89920
Product Manager,Mid (3-5 yrs),AZ,47,117000,133000,150500,135596,115021,155468,40447
Product Manager,Mid (3-5 yrs),CA,139,167500,192000,216500,194871,165460,223906,58446
Product Manager,Mid (3-5 yrs),CO,40,125750,141000,151750,142025,120150,163725,43575
Product Manager,Mid (3-5 yrs),DC,47,144000,164000,179500,165128,139064,189128,50064
Product Manager,Mid (3-5 yrs),FL,44,117750,135500,156250,136295,115455,155977,40522
Product Manager,Mid (3-5 yrs),GA,41,129000,140000,158000,142756,120805,164439,43634
Product Manager,Mid (3-5 yrs),IL,42,133000,150500,166000,151762,128024,175476,47452
Product Manager,Mid (3-5 yrs),MA,44,152000,179000,196500,178773,149705,204636,54931
Product Manager,Mid (3-5 yrs),MN,40,119000,130000,140250,129700,109975,149275,39300
Product Manager,Mid (3-5 yrs),NY,88,170000,194000,215250,194000,164261,223227,58966
Product Manager,Mid (3-5 yrs),OR,50,136750,153000,168750,152920,126920,175880,48960
Product Manager,Mid (3-5 yrs),Remote,100,125000,139500,155250,141280,120050,162400,42350
Product Manager,Mid (3-5 yrs),TX,98,129000,147000,165000,148469,124520,170000,45480
Product Manager,Mid (3-5 yrs),WA,114,161250,174500,190750,178167,151211,204570,53359
Product Manager,Senior (6-9 yrs),AZ,18,160500,178000,200250,176667,150833,204667,53834
Product Manager,Senior (6-9 yrs),CA,97,228000,249000,276000,255093,217464,292649,75185
Product Manager,Senior (6-9 yrs),CO,29,163000,181000,208000,190931,161655,222276,60621
Product Manager,Senior (6-9 yrs),DC,36,204750,226500,246500,226472,192917,258722,65805
Product Manager,Senior (6-9 yrs),FL,35,180500,195000,221000,199514,167800,230857,63057
Product Manager,Senior (6-9 yrs),GA,22,176250,189500,204750,189273,159318,216182,56864
Product Manager,Senior (6-9 yrs),IL,33,183000,213000,232000,207212,174303,237818,63515
Product Manager,Senior (6-9 yrs),MA,32,214000,239500,250250,232094,195594,264656,69062
Product Manager,Senior (6-9 yrs),MN,23,158000,181000,193000,178783,150870,206391,55521
Product Manager,Senior (6-9 yrs),NY,68,232250,258000,284250,264662,223382,304176,80794
Product Manager,Senior (6-9 yrs),OR,34,171250,189500,214000,196000,164029,225500,61471
Product Manager,Senior (6-9 yrs),Remote,90,173000,189500,210250,190389,160278,219589,59311
Product Manager,Senior (6-9 yrs),TX,65,171000,194000,222000,197523,168354,226785,58431
Product Manager,Senior (6-9 yrs),WA,66,216000,235500,261000,237939,200621,272833,72212
Quantitative Analyst,Entry (0-2 yrs),AZ,30,110250,123000,138750,126733,108700,145233,36533
Quantitative Analyst,Entry (0-2 yrs),CA,112,147000,169000,195000,172339,146214,196232,50018
Quantitative Analyst,Entry (0-2 yrs),CO,23,120000,140000,148000,135522,115261,155783,40522
Quantitative Analyst,Entry (0-2 yrs),DC,23,143500,156000,162500,153391,132087,173783,41696
Quantitative Analyst,Entry (0-2 yrs),FL,23,118000,130000,139000,130696,111652,149565,37913
Quantitative Analyst,Entry (0-2 yrs),GA,27,113500,123000,133000,124630,104926,141074,36148
Quantitative Analyst,Entry (0-2 yrs),IL,35,118000,136000,152000,138057,116743,157714,40971
Quantitative Analyst,Entry (0-2 yrs),MA,24,146500,166000,179500,162708,139167,185250,46083
Quantitative Analyst,Entry (0-2 yrs),MN,22,106000,112500,123500,116909,99727,134955,35228
Quantitative Analyst,Entry (0-2 yrs),NY,50,155250,171000,190500,176380,147640,202660,55020
Quantitative Analyst,Entry (0-2 yrs),OR,21,121000,132000,142000,131190,111619,149381,37762
Quantitative Analyst,Entry (0-2 yrs),Remote,76,108750,121000,136000,123342,104632,140658,36026
Quantitative Analyst,Entry (0-2 yrs),TX,56,114000,130000,145250,131286,109625,150321,40696
Quantitative Analyst,Entry (0-2 yrs),WA,65,138000,160000,171000,157092,132846,179585,46739
Quantitative Analyst,Executive (15+ yrs),AZ,4,349750,354500,362000,357250,293250,417500,124250
Quantitative Analyst,Executive (15+ yrs),CA,18,406750,461500,557500,480444,417611,546500,128889
Quantitative Analyst,Executive (15+ yrs),CO,3,357500,409000,440500,395667,339333,446667,107334
Quantitative Analyst,Executive (15+ yrs),DC,5,394000,485000,524000,449600,382600,516000,133400
Quantitative Analyst,Executive (15+ yrs),FL,6,306500,345000,373750,357833,309333,405333,96000
Quantitative Analyst,Executive (15+ yrs),GA,4,326500,354500,368250,340250,279000,390500,111500
Quantitative Analyst,Executive (15+ yrs),IL,6,382000,428000,458250,412167,351833,472000,120167
Quantitative Analyst,Executive (15+ yrs),MA,8,362750,385000,492500,416125,353750,482875,129125
Quantitative Analyst,Executive (15+ yrs),MN,11,289500,357000,386000,333364,284091,381455,97364
Quantitative Analyst,Executive (15+ yrs),NY,13,446000,504000,545000,497077,425231,583385,158154
Quantitative Analyst,Executive (15+ yrs),OR,4,384500,397000,403250,390750,333500,442000,108500
Quantitative Analyst,Executive (15+ yrs),Remote,20,326000,355500,405000,366200,315250,422750,107500
Quantitative Analyst,Executive (15+ yrs),TX,12,305750,355500,381500,359250,305250,414000,108750
Quantitative Analyst,Executive (15+ yrs),WA,15,395000,416000,440000,438600,376067,502133,126066
Quantitative Analyst,Lead (10-15 yrs),AZ,11,255500,267000,279500,263000,225636,305545,79909
Quantitative Analyst,Lead (10-15 yrs),CA,50,348750,386000,445500,392560,333400,451460,118060
Quantitative Analyst,Lead (10-15 yrs),CO,11,246500,255000,267000,264091,216909,304182,87273
Quantitative Analyst,Lead (10-15 yrs),DC,15,311000,352000,391000,347067,294667,398000,103333
Quantitative Analyst,Lead (10-15 yrs),FL,9,285000,288000,345000,298889,254444,346444,92000
Quantitative Analyst,Lead (10-15 yrs),GA,9,226000,288000,319000,280000,239556,322222,82666
Quantitative Analyst,Lead (10-15 yrs),IL,13,290000,308000,336000,309769,263000,359077,96077
Quantitative Analyst,Lead (10-15 yrs),MA,14,312250,364500,389750,344071,296071,394286,98215
Quantitative Analyst,Lead (10-15 yrs),MN,11,237000,273000,307500,274818,230091,316818,86727
Quantitative Analyst,Lead (10-15 yrs),NY,20,372750,400500,449000,419800,353550,488700,135150
Quantitative Analyst,Lead (10-15 yrs),OR,12,277250,316000,331500,311583,271667,352917,81250
Quantitative Analyst,Lead (10-15 yrs),Remote,34,255000,280000,302750,285559,241529,327735,86206
Quantitative Analyst,Lead (10-15 yrs),TX,30,248500,278000,324250,285400,242333,329000,86667
Quantitative Analyst,Lead (10-15 yrs),WA,26,335000,359000,387500,357846,303385,410962,107577
Quantitative Analyst,Mid (3-5 yrs),AZ,38,147250,168000,181000,164711,140553,188789,48236
Quantitative Analyst,Mid (3-5 yrs),CA,151,200500,229000,260000,231841,196464,266192,69728
Quantitative Analyst,Mid (3-5 yrs),CO,42,158500,178500,193750,175881,148714,201714,53000
Quantitative Analyst,Mid (3-5 yrs),DC,47,180000,190000,218000,197830,167340,226447,59107
Quantitative Analyst,Mid (3-5 yrs),FL,42,149000,169500,190000,168048,144000,193714,49714
Quantitative Analyst,Mid (3-5 yrs),GA,37,152000,170000,191000,175189,145324,202135,56811
Quantitative Analyst,Mid (3-5 yrs),IL,34,161750,185500,195750,180265,154412,206500,52088
Quantitative Analyst,Mid (3-5 yrs),MA,33,183000,209000,232000,210515,179697,241364,61667
Quantitative Analyst,Mid (3-5 yrs),MN,33,147000,162000,178000,163848,139182,189364,50182
Quantitative Analyst,Mid (3-5 yrs),NY,90,209000,241000,260750,234656,198567,267544,68977
Quantitative Analyst,Mid (3-5 yrs),OR,28,165250,190000,200500,185393,156607,214571,57964
Quantitative Analyst,Mid (3-5 yrs),Remote,98,149000,165500,182750,165959,142551,191612,49061
Quantitative Analyst,Mid (3-5 yrs),TX,86,159500,179500,196500,179477,150174,203523,53349
Quantitative Analyst,Mid (3-5 yrs),WA,110,196750,218000,244250,218245,183709,250964,67255
Quantitative Analyst,Senior (6-9 yrs),AZ,35,183000,199000,237500,210343,179857,240114,60257
Quantitative Analyst,Senior (6-9 yrs),CA,121,266000,291000,325000,296760,252107,340860,88753
Quantitative Analyst,Senior (6-9 yrs),CO,29,205000,227000,243000,222379,188517,253345,64828
Quantitative Analyst,Senior (6-9 yrs),DC,36,236500,273000,300250,270056,230944,309694,78750
Quantitative Analyst,Senior (6-9 yrs),FL,31,202000,217000,238500,220258,189710,253323,63613
Quantitative Analyst,Senior (6-9 yrs),GA,38,203250,226500,254250,229079,194789,261342,66553
Quantitative Analyst,Senior (6-9 yrs),IL,23,210500,238000,274500,238870,200435,273087,72652
Quantitative Analyst,Senior (6-9 yrs),MA,36,242500,276500,306250,277167,236083,320972,84889
Quantitative Analyst,Senior (6-9 yrs),MN,28,190500,205500,224750,209536,180036,240571,60535
Quantitative Analyst,Senior (6-9 yrs),NY,75,263000,304000,332000,304547,259213,348080,88867
Quantitative Analyst,Senior (6-9 yrs),OR,30,230750,258000,280750,259300,221667,297767,76100
Quantitative Analyst,Senior (6-9 yrs),Remote,105,193000,216000,242000,221210,188171,253048,64877
Quantitative Analyst,Senior (6-9 yrs),TX,58,207250,229000,251750,230569,193569,265431,71862
Quantitative Analyst,Senior (6-9 yrs),WA,87,260000,285000,312500,292690,246920,337149,90229
Research Scientist,Entry (0-2 yrs),AZ,22,88000,94000,105500,96591,80818,111318,30500
Research Scientist,Entry (0-2 yrs),CA,89,116000,132000,152000,134607,114303,154483,40180
Research Scientist,Entry (0-2 yrs),CO,23,94000,101000,111000,103435,86435,118913,32478
Research Scientist,Entry (0-2 yrs),DC,23,112000,120000,125500,120348,102087,138217,36130
Research Scientist,Entry (0-2 yrs),FL,25,97000,107000,118000,105840,90720,120200,29480
Research Scientist,Entry (0-2 yrs),GA,22,81000,90500,100000,91273,76955,104273,27318
Research Scientist,Entry (0-2 yrs),IL,17,101000,103000,112000,104706,90235,120471,30236
Research Scientist,Entry (0-2 yrs),MA,20,114500,129000,140250,125900,108750,144300,35550
Research Scientist,Entry (0-2 yrs),MN,20,90500,101000,112250,101850,87050,116000,28950
Research Scientist,Entry (0-2 yrs),NY,67,119500,134000,145000,134194,113164,154821,41657
Research Scientist,Entry (0-2 yrs),OR,27,102000,111000,123000,112222,94444,127926,33482
Research Scientist,Entry (0-2 yrs),Remote,53,87000,97000,110000,99906,84340,114698,30358
Research Scientist,Entry (0-2 yrs),TX,64,93000,105000,116250,104656,88234,121719,33485
Research Scientist,Entry (0-2 yrs),WA,76,112750,123500,139000,127382,108276,145474,37198
Research Scientist,Executive (15+ yrs),CA,28,350500,391000,415250,396571,339036,454286,115250
Research Scientist,Executive (15+ yrs),CO,4,254000,274000,299000,279000,232000,312750,80750
Research Scientist,Executive (15+ yrs),DC,9,315000,342000,357000,340667,283333,388556,105223
Research Scientist,Executive (15+ yrs),FL,5,231000,278000,321000,267400,219800,302200,82400
Research Scientist,Executive (15+ yrs),GA,5,265000,268000,291000,276800,232400,315200,82800
Research Scientist,Executive (15+ yrs),IL,5,289000,293000,307000,294200,241400,323800,82400
Research Scientist,Executive (15+ yrs),MA,6,329500,362500,381250,351000,305333,406667,101334
Research Scientist,Executive (15+ yrs),MN,3,261000,267000,279000,271000,234000,311000,77000
Research Scientist,Executive (15+ yrs),NY,16,351250,386000,431750,388875,327250,448250,121000
Research Scientist,Executive (15+ yrs),OR,5,297000,301000,305000,297000,250400,341600,91200
Research Scientist,Executive (15+ yrs),Remote,25,247000,283000,323000,284440,238120,332680,94560
Research Scientist,Executive (15+ yrs),TX,15,275000,300000,340500,309733,267400,352933,85533
Research Scientist,Executive (15+ yrs),WA,11,355000,369000,403500,382182,329364,441545,112181
Research Scientist,Lead (10-15 yrs),AZ,8,202250,218000,232000,218875,190875,251875,61000
Research Scientist,Lead (10-15 yrs),CA,32,259500,309500,351750,306969,262156,351094,88938
Research Scientist,Lead (10-15 yrs),CO,9,210000,220000,227000,233222,195889,268222,72333
Research Scientist,Lead (10-15 yrs),DC,14,242250,253000,273250,259857,220643,294571,73928
Research Scientist,Lead (10-15 yrs),FL,14,217000,237000,254500,232786,192286,263500,71214
Research Scientist,Lead (10-15 yrs),GA,13,199000,218000,240000,214846,181846,242846,61000
Research Scientist,Lead (10-15 yrs),IL,4,206750,227000,241750,221500,191500,241500,50000
Research Scientist,Lead (10-15 yrs),MA,13,283000,299000,320000,298231,261538,341462,79924
Research Scientist,Lead (10-15 yrs),MN,11,179000,220000,275500,224455,190727,260818,70091
Research Scientist,Lead (10-15 yrs),NY,29,292000,327000,362000,333103,280724,384034,103310
Research Scientist,Lead (10-15 yrs),OR,10,212750,228500,256500,239700,201600,278100,76500
Research Scientist,Lead (10-15 yrs),Remote,37,197000,221000,243000,221649,188351,253351,65000
Research Scientist,Lead (10-15 yrs),TX,31,211000,232000,263000,234032,198645,268935,70290
Research Scientist,Lead (10-15 yrs),WA,20,258250,284500,325500,294800,248950,341250,92300
Research Scientist,Mid (3-5 yrs),AZ,48,111500,126500,140000,125688,107896,143625,35729
Research Scientist,Mid (3-5 yrs),CA,145,167000,185000,203000,186034,157262,213462,56200
Research Scientist,Mid (3-5 yrs),CO,33,120000,136000,151000,137091,115030,156970,41940
Research Scientist,Mid (3-5 yrs),DC,41,149000,160000,179000,162317,136146,184634,48488
Research Scientist,Mid (3-5 yrs),FL,47,123500,139000,157000,138957,117574,158979,41405
Research Scientist,Mid (3-5 yrs),GA,36,117000,130000,142000,133333,113639,152250,38611
Research Scientist,Mid (3-5 yrs),IL,42,131250,147000,154250,144643,122643,165786,43143
Research Scientist,Mid (3-5 yrs),MA,21,144000,163000,174000,161095,137857,182429,44572
Research Scientist,Mid (3-5 yrs),MN,33,114000,129000,138000,127394,108515,144939,36424
Research Scientist,Mid (3-5 yrs),NY,112,160500,183000,202500,181911,153580,208991,55411
Research Scientist,Mid (3-5 yrs),OR,40,129750,144000,154000,145375,122750,165850,43100
Research Scientist,Mid (3-5 yrs),Remote,114,115000,128500,144000,130325,110772,149482,38710
Research Scientist,Mid (3-5 yrs),TX,84,130000,142500,160000,143440,120631,163643,43012
Research Scientist,Mid (3-5 yrs),WA,97,152000,167000,186000,169649,142598,193268,50670
Research Scientist,Senior (6-9 yrs),AZ,32,154500,170000,206500,176000,149500,201344,51844
Research Scientist,Senior (6-9 yrs),CA,97,224000,255000,278000,253742,215258,292557,77299
Research Scientist,Senior (6-9 yrs),CO,37,178000,192000,209000,193351,164378,221162,56784
Research Scientist,Senior (6-9 yrs),DC,27,203500,222000,236000,223667,189148,258852,69704
Research Scientist,Senior (6-9 yrs),FL,36,177000,194000,210000,192944,162556,220278,57722
Research Scientist,Senior (6-9 yrs),GA,38,167250,183500,198500,181974,152526,209211,56685
Research Scientist,Senior (6-9 yrs),IL,29,176000,195000,222000,195207,167724,223621,55897
Research Scientist,Senior (6-9 yrs),MA,39,208500,230000,264000,236308,198795,272538,73743
Research Scientist,Senior (6-9 yrs),MN,41,154000,171000,186000,173780,146244,199902,53658
Research Scientist,Senior (6-9 yrs),NY,89,221000,243000,277000,248528,212888,286011,73123
Research Scientist,Senior (6-9 yrs),OR,39,178500,191000,214500,198154,167692,227564,59872
Research Scientist,Senior (6-9 yrs),Remote,98,160000,175500,202750,181714,153949,209327,55378
Research Scientist,Senior (6-9 yrs),TX,76,172750,190500,214250,194605,165079,224645,59566
Research Scientist,Senior (6-9 yrs),WA,86,201500,230500,267000,233628,197465,268826,71361
Senior Software Engineer,Entry (0-2 yrs),AZ,20,114250,122000,138250,124850,106400,141900,35500
Senior Software Engineer,Entry (0-2 yrs),CA,87,159500,178000,196500,179931,151966,206759,54793
Senior Software Engineer,Entry (0-2 yrs),CO,23,118500,136000,148500,134391,113739,155261,41522
Senior Software Engineer,Entry (0-2 yrs),DC,22,138750,149500,163000,150455,128318,174045,45727
Senior Software Engineer,Entry (0-2 yrs),FL,23,111000,129000,148500,128826,111522,147174,35652
Senior Software Engineer,Entry (0-2 yrs),GA,30,111250,122000,135000,123467,104633,140800,36167
Senior Software Engineer,Entry (0-2 yrs),IL,23,112500,129000,160500,135565,115435,155565,40130
Senior Software Engineer,Entry (0-2 yrs),MA,19,156000,167000,185500,169053,144947,194474,49527
Senior Software Engineer,Entry (0-2 yrs),MN,17,125000,128000,131000,127824,107176,147471,40295
Senior Software Engineer,Entry (0-2 yrs),NY,68,161250,180500,205250,185059,156647,212441,55794
Senior Software Engineer,Entry (0-2 yrs),OR,22,117000,126000,140250,133045,112591,151545,38954
Senior Software Engineer,Entry (0-2 yrs),Remote,84,113000,128500,141250,128500,109190,146607,37417
Senior Software Engineer,Entry (0-2 yrs),TX,51,126000,143000,152000,139686,118784,159235,40451
Senior Software Engineer,Entry (0-2 yrs),WA,59,153000,172000,185500,172220,145356,198898,53542
Senior Software Engineer,Executive (15+ yrs),CA,20,495000,537000,581750,540850,459000,614500,155500
Senior Software Engineer,Executive (15+ yrs),CO,7,329500,375000,401000,367286,313714,420571,106857
Senior Software Engineer,Executive (15+ yrs),DC,9,398000,455000,469000,436889,372889,521444,148555
Senior Software Engineer,Executive (15+ yrs),FL,7,347000,388000,396500,379143,320000,441857,121857
Senior Software Engineer,Executive (15+ yrs),GA,5,343000,348000,368000,366000,313000,419200,106200
Senior Software Engineer,Executive (15+ yrs),IL,4,393000,429000,469500,433500,364000,505000,141000
Senior Software Engineer,Executive (15+ yrs),MA,6,432250,462500,471750,450333,396333,516167,119834
Senior Software Engineer,Executive (15+ yrs),MN,6,327750,370500,404250,370167,315667,415500,99833
Senior Software Engineer,Executive (15+ yrs),NY,7,474000,485000,518000,500429,424429,571286,146857
Senior Software Engineer,Executive (15+ yrs),Remote,25,320000,367000,413000,365240,313120,422720,109600
Senior Software Engineer,Executive (15+ yrs),TX,14,325500,368500,445000,395929,340286,449143,108857
Senior Software Engineer,Executive (15+ yrs),WA,16,417000,450000,465750,461062,392875,529625,136750
Senior Software Engineer,Lead (10-15 yrs),AZ,11,228500,258000,293500,261091,216545,302091,85546
Senior Software Engineer,Lead (10-15 yrs),CA,32,382000,412000,454250,421812,359688,487938,128250
Senior Software Engineer,Lead (10-15 yrs),CO,10,261000,289000,354000,303100,256700,352100,95400
Senior Software Engineer,Lead (10-15 yrs),DC,9,328000,356000,399000,369556,312889,425778,112889
Senior Software Engineer,Lead (10-15 yrs),FL,11,268500,282000,306000,288091,251000,328273,77273
Senior Software Engineer,Lead (10-15 yrs),GA,15,270000,286000,304000,295333,258467,341133,82666
Senior Software Engineer,Lead (10-15 yrs),IL,11,278000,359000,374500,334636,288909,384364,95455
Senior Software Engineer,Lead (10-15 yrs),MA,9,299000,387000,402000,357333,299556,412000,112444
Senior Software Engineer,Lead (10-15 yrs),MN,15,249000,305000,319000,285267,240867,326533,85666
Senior Software Engineer,Lead (10-15 yrs),NY,31,318000,402000,447500,398871,339645,459323,119678
Senior Software Engineer,Lead (10-15 yrs),OR,11,308500,338000,368500,337182,288000,392000,104000
Senior Software Engineer,Lead (10-15 yrs),Remote,27,265500,290000,314500,290037,246778,332370,85592
Senior Software Engineer,Lead (10-15 yrs),TX,28,271750,301000,337000,309429,262857,349036,86179
Senior Software Engineer,Lead (10-15 yrs),WA,37,351000,376000,429000,394270,333162,452000,118838
Senior Software Engineer,Mid (3-5 yrs),AZ,45,145000,162000,184000,162200,137000,183356,46356
Senior Software Engineer,Mid (3-5 yrs),CA,141,214000,245000,275000,246021,208099,280851,72752
Senior Software Engineer,Mid (3-5 yrs),CO,45,158000,181000,209000,184044,156111,210311,54200
Senior Software Engineer,Mid (3-5 yrs),DC,47,185000,208000,237500,208489,174383,240149,65766
Senior Software Engineer,Mid (3-5 yrs),FL,58,169750,183000,199250,182034,153534,208172,54638
Senior Software Engineer,Mid (3-5 yrs),GA,41,149000,163000,182000,167561,141927,192220,50293
Senior Software Engineer,Mid (3-5 yrs),IL,35,162000,193000,212500,190429,158571,218314,59743
Senior Software Engineer,Mid (3-5 yrs),MA,38,184750,206500,249750,213895,181447,247605,66158
Senior Software Engineer,Mid (3-5 yrs),MN,39,148500,169000,187000,171205,146667,194359,47692
Senior Software Engineer,Mid (3-5 yrs),NY,110,206250,230500,258250,235618,199255,271482,72227
Senior Software Engineer,Mid (3-5 yrs),OR,40,168750,182500,194500,179875,152650,204150,51500
Senior Software Engineer,Mid (3-5 yrs),Remote,121,149000,168000,187000,169306,143545,193595,50050
Senior Software Engineer,Mid (3-5 yrs),TX,68,169000,183500,199500,185676,158618,213456,54838
Senior Software Engineer,Mid (3-5 yrs),WA,101,199000,216000,253000,224297,190168,257198,67030
Senior Software Engineer,Senior (6-9 yrs),AZ,22,199250,211000,226750,218273,184773,250136,65363
Senior Software Engineer,Senior (6-9 yrs),CA,122,287500,325500,359750,325549,277082,370205,93123
Senior Software Engineer,Senior (6-9 yrs),CO,26,212500,233500,266500,236962,199731,273269,73538
Senior Software Engineer,Senior (6-9 yrs),DC,33,238000,261000,297000,268758,226545,311364,84819
Senior Software Engineer,Senior (6-9 yrs),FL,22,208500,238500,259500,237409,198273,271182,72909
Senior Software Engineer,Senior (6-9 yrs),GA,32,209500,239000,252500,233156,195875,271344,75469
Senior Software Engineer,Senior (6-9 yrs),IL,28,213750,242500,272250,243429,204357,280321,75964
Senior Software Engineer,Senior (6-9 yrs),MA,22,265500,280500,300000,277864,233591,317455,83864
Senior Software Engineer,Senior (6-9 yrs),MN,32,202750,229000,252000,229312,193844,260469,66625
Senior Software Engineer,Senior (6-9 yrs),NY,85,292000,320000,354000,322565,274765,370741,95976
Senior Software Engineer,Senior (6-9 yrs),OR,25,225000,254000,284000,250840,214160,287040,72880
Senior Software Engineer,Senior (6-9 yrs),Remote,94,203250,226500,250500,228553,193979,261043,67064
Senior Software Engineer,Senior (6-9 yrs),TX,72,229000,252000,275250,251444,211250,290000,78750
Senior Software Engineer,Senior (6-9 yrs),WA,73,274000,307000,332000,303164,257329,348068,90739
Software Engineer,Entry (0-2 yrs),AZ,27,81500,91000,103500,91519,76556,104778,28222
Software Engineer,Entry (0-2 yrs),CA,81,118000,133000,149000,133185,110704,151864,41160
Software Engineer,Entry (0-2 yrs),CO,22,84750,96000,102750,95136,80364,108455,28091
Software Engineer,Entry (0-2 yrs),DC,25,103000,111000,117000,113680,95960,131440,35480
Software Engineer,Entry (0-2 yrs),FL,33,98000,106000,111000,105030,89545,120485,30940
Software Engineer,Entry (0-2 yrs),GA,15,84000,89000,110000,96067,80600,109800,29200
Software Engineer,Entry (0-2 yrs),IL,26,96000,106000,113750,105846,89577,121115,31538
Software Engineer,Entry (0-2 yrs),MA,22,103000,120500,143750,124136,103682,144545,40863
Software Engineer,Entry (0-2 yrs),MN,25,90000,97000,107000,96160,81520,109680,28160
Software Engineer,Entry (0-2 yrs),NY,60,118000,131500,142000,130267,110367,148333,37966
Software Engineer,Entry (0-2 yrs),OR,20,93000,100000,109250,104300,88800,119200,30400
Software Engineer,Entry (0-2 yrs),Remote,86,79000,88500,101750,91093,77186,104023,26837
Software Engineer,Entry (0-2 yrs),TX,52,88750,101500,117500,103000,86769,118077,31308
Software Engineer,Entry (0-2 yrs),WA,62,110000,117000,128750,120839,101774,138919,37145
Software Engineer,Executive (15+ yrs),AZ,7,235000,271000,290500,258286,216714,298143,81429
Software Engineer,Executive (15+ yrs),CA,21,311000,366000,413000,369952,311571,425619,114048
Software Engineer,Executive (15+ yrs),CO,7,267500,312000,327000,301143,265857,351143,85286
Software Engineer,Executive (15+ yrs),DC,4,259750,283500,322500,298750,250250,341500,91250
Software Engineer,Executive (15+ yrs),FL,3,256500,258000,259500,258000,221000,301333,80333
Software Engineer,Executive (15+ yrs),GA,3,266500,331000,333000,289333,244667,336000,91333
Software Engineer,Executive (15+ yrs),IL,3,265000,282000,295500,279667,235333,321667,86334
Software Engineer,Executive (15+ yrs),MA,5,289000,324000,325000,309400,256800,356800,100000
Software Engineer,Executive (15+ yrs),MN,7,256000,260000,270000,256571,220857,297286,76429
Software Engineer,Executive (15+ yrs),NY,18,338000,361000,385500,365778,309889,418278,108389
Software Engineer,Executive (15+ yrs),OR,4,252250,276000,307250,283500,255000,332000,77000
Software Engineer,Executive (15+ yrs),Remote,12,240750,270500,321500,279417,237250,324167,86917
Software Engineer,Executive (15+ yrs),TX,3,269000,309000,330000,296333,250667,349000,98333
Software Engineer,Executive (15+ yrs),WA,15,294500,321000,374500,339267,285533,386333,100800
Software Engineer,Lead (10-15 yrs),AZ,12,184000,193500,236500,202583,175500,236833,61333
Software Engineer,Lead (10-15 yrs),CA,40,282250,314000,356500,317775,268775,364850,96075
Software Engineer,Lead (10-15 yrs),CO,16,181500,205000,239250,210062,178938,239438,60500
Software Engineer,Lead (10-15 yrs),DC,11,221500,238000,281500,246727,208727,281273,72546
Software Engineer,Lead (10-15 yrs),FL,9,202000,226000,242000,223000,185333,254444,69111
Software Engineer,Lead (10-15 yrs),GA,8,187750,193000,233500,210375,177875,237875,60000
Software Engineer,Lead (10-15 yrs),IL,10,195500,210000,219000,210300,179200,243900,64700
Software Engineer,Lead (10-15 yrs),MA,7,235000,260000,268000,254857,221714,293714,72000
Software Engineer,Lead (10-15 yrs),MN,13,192000,225000,234000,215077,183077,247308,64231
Software Engineer,Lead (10-15 yrs),NY,21,254000,283000,307000,283857,242714,327714,85000
Software Engineer,Lead (10-15 yrs),OR,9,210000,229000,276000,243333,212000,280111,68111
Software Engineer,Lead (10-15 yrs),Remote,20,189250,224500,237250,214500,183750,248200,64450
Software Engineer,Lead (10-15 yrs),TX,27,203000,215000,234500,226889,194037,259333,65296
Software Engineer,Lead (10-15 yrs),WA,19,247500,272000,333500,281105,240526,323421,82895
Software Engineer,Mid (3-5 yrs),AZ,35,110000,118000,130000,119114,100943,137086,36143
Software Engineer,Mid (3-5 yrs),CA,112,152750,174500,199000,176366,148554,202741,54187
Software Engineer,Mid (3-5 yrs),CO,42,116250,128000,146750,134071,114310,155286,40976
Software Engineer,Mid (3-5 yrs),DC,37,142000,155000,167000,158270,134108,182622,48514
Software Engineer,Mid (3-5 yrs),FL,40,120000,136500,150250,136600,115850,157650,41800
Software Engineer,Mid (3-5 yrs),GA,38,103000,114000,130000,118816,99237,135842,36605
Software Engineer,Mid (3-5 yrs),IL,38,120500,134000,161500,140447,120368,160368,40000
Software Engineer,Mid (3-5 yrs),MA,36,136000,154000,171500,155417,131139,179306,48167
Software Engineer,Mid (3-5 yrs),MN,26,112750,127500,143000,130000,107808,148769,40961
Software Engineer,Mid (3-5 yrs),NY,108,154000,176000,197250,178056,151250,203389,52139
Software Engineer,Mid (3-5 yrs),OR,31,123500,133000,155500,137452,115742,157355,41613
Software Engineer,Mid (3-5 yrs),Remote,114,111250,124000,139000,124246,105412,143035,37623
Software Engineer,Mid (3-5 yrs),TX,73,121000,139000,152000,137644,116521,157425,40904
Software Engineer,Mid (3-5 yrs),WA,98,144500,160000,183750,163235,137500,187469,49969
Software Engineer,Senior (6-9 yrs),AZ,35,149000,167000,171500,163314,138314,186857,48543
Software Engineer,Senior (6-9 yrs),CA,101,212000,241000,271000,244079,207376,281782,74406
Software Engineer,Senior (6-9 yrs),CO,28,163750,191000,206250,184679,154750,212071,57321
Software Engineer,Senior (6-9 yrs),DC,32,184750,203500,220000,204125,171312,236406,65094
Software Engineer,Senior (6-9 yrs),FL,34,164000,179500,187750,180529,152971,208147,55176
Software Engineer,Senior (6-9 yrs),GA,29,141000,154000,174000,159517,133069,182655,49586
Software Engineer,Senior (6-9 yrs),IL,31,175000,192000,212500,192419,162935,220323,57388
Software Engineer,Senior (6-9 yrs),MA,26,196750,222500,243000,219500,186038,249962,63924
Software Engineer,Senior (6-9 yrs),MN,38,158000,170000,188250,171895,145579,195921,50342
Software Engineer,Senior (6-9 yrs),NY,79,216000,244000,263000,241127,204671,277494,72823
Software Engineer,Senior (6-9 yrs),OR,35,176500,192000,211500,195000,163286,222143,58857
Software Engineer,Senior (6-9 yrs),Remote,103,146000,165000,183500,167311,141786,192233,50447
Software Engineer,Senior (6-9 yrs),TX,73,169000,188000,209000,189918,159137,217616,58479
Software Engineer,Senior (6-9 yrs),WA,82,194250,221500,250750,226695,192207,259890,67683
UX Designer,Entry (0-2 yrs),AZ,27,59500,65000,78500,68407,57333,78074,20741
UX Designer,Entry (0-2 yrs),CA,83,93500,107000,116000,104458,88675,119771,31096
UX Designer,Entry (0-2 yrs),CO,21,68000,79000,87000,76714,65333,88286,22953
UX Designer,Entry (0-2 yrs),DC,18,82250,92500,101500,90611,76667,103444,26777
UX Designer,Entry (0-2 yrs),FL,29,72000,76000,86000,79552,67207,90345,23138
UX Designer,Entry (0-2 yrs),GA,19,69000,78000,81500,75737,63368,86579,23211
UX Designer,Entry (0-2 yrs),IL,29,74000,80000,88000,81966,68966,95034,26068
UX Designer,Entry (0-2 yrs),MA,22,83000,87000,98000,90227,76045,103955,27910
UX Designer,Entry (0-2 yrs),MN,26,61250,69500,79000,73115,61000,83577,22577
UX Designer,Entry (0-2 yrs),NY,57,93000,102000,110000,103947,87421,119193,31772
UX Designer,Entry (0-2 yrs),OR,19,73000,83000,86000,83632,71421,95053,23632
UX Designer,Entry (0-2 yrs),Remote,84,64000,70500,78000,72500,60667,83048,22381
UX Designer,Entry (0-2 yrs),TX,36,66750,73500,85250,75417,63611,86694,23083
UX Designer,Entry (0-2 yrs),WA,62,88000,96000,106750,97548,82823,112581,29758
UX Designer,Executive (15+ yrs),CA,18,278750,329000,365750,331389,280333,382500,102167
UX Designer,Executive (15+ yrs),CO,8,198000,219000,244000,224000,191750,260500,68750
UX Designer,Executive (15+ yrs),DC,5,238000,238000,269000,251800,204400,288000,83600
UX Designer,Executive (15+ yrs),FL,8,183000,194500,219250,196500,164375,227375,63000
UX Designer,Executive (15+ yrs),GA,5,187000,192000,207000,205800,173200,235000,61800
UX Designer,Executive (15+ yrs),IL,4,178000,205500,230500,203000,163750,236750,73000
UX Designer,Executive (15+ yrs),MN,7,171000,208000,217500,197714,169571,224429,54858
UX Designer,Executive (15+ yrs),NY,10,272250,292000,317750,295600,244600,337100,92500
UX Designer,Executive (15+ yrs),Remote,19,201000,222000,247000,222579,184789,258263,73474
UX Designer,Executive (15+ yrs),TX,3,221500,238000,261000,242333,192000,276667,84667
UX Designer,Executive (15+ yrs),WA,13,227000,248000,268000,252846,212692,287615,74923
UX Designer,Lead (10-15 yrs),AZ,10,146000,153000,176250,159000,133300,182100,48800
UX Designer,Lead (10-15 yrs),CA,40,201250,234000,251000,232975,196850,270825,73975
UX Designer,Lead (10-15 yrs),CO,9,171000,178000,204000,184778,155444,217556,62112
UX Designer,Lead (10-15 yrs),DC,8,192500,206500,226000,206875,175500,238125,62625
UX Designer,Lead (10-15 yrs),FL,9,173000,175000,184000,177111,149778,203111,53333
UX Designer,Lead (10-15 yrs),GA,12,163000,171500,180750,170250,142167,194167,52000
UX Designer,Lead (10-15 yrs),IL,9,169000,200000,200000,181444,151778,207667,55889
UX Designer,Lead (10-15 yrs),MA,14,182250,198500,212000,199786,171857,228857,57000
UX Designer,Lead (10-15 yrs),MN,12,133000,173500,184250,167833,143833,189833,46000
UX Designer,Lead (10-15 yrs),NY,35,209000,236000,254000,233171,197057,268000,70943
UX Designer,Lead (10-15 yrs),OR,14,165500,186000,211750,188929,161929,217000,55071
UX Designer,Lead (10-15 yrs),Remote,28,144000,171000,191000,168786,142250,193429,51179
UX Designer,Lead (10-15 yrs),TX,15,155000,171000,185500,176467,148800,201333,52533
UX Designer,Lead (10-15 yrs),WA,28,192000,224000,251250,222000,189036,253393,64357
UX Designer,Mid (3-5 yrs),AZ,39,80000,93000,104500,93026,77462,106128,28666
UX Designer,Mid (3-5 yrs),CA,151,124500,140000,156500,141543,119695,162563,42868
UX Designer,Mid (3-5 yrs),CO,38,93250,105000,113750,104079,89132,118763,29631
UX Designer,Mid (3-5 yrs),DC,29,107000,120000,131000,118207,100690,136103,35413
UX Designer,Mid (3-5 yrs),FL,30,95000,103000,109750,102333,85400,118200,32800
UX Designer,Mid (3-5 yrs),GA,36,85000,94000,103000,95139,80750,110444,29694
UX Designer,Mid (3-5 yrs),IL,42,97250,110500,121750,110119,92667,125833,33166
UX Designer,Mid (3-5 yrs),MA,41,106000,128000,144000,128707,110780,147585,36805
UX Designer,Mid (3-5 yrs),MN,39,85500,101000,106500,98615,83128,111564,28436
UX Designer,Mid (3-5 yrs),NY,102,120750,139000,154750,139392,117725,159324,41599
UX Designer,Mid (3-5 yrs),OR,44,105000,113500,122250,113386,95182,130523,35341
UX Designer,Mid (3-5 yrs),Remote,129,85000,98000,109000,97984,83256,112070,28814
UX Designer,Mid (3-5 yrs),TX,82,93250,108000,119000,108195,91683,123537,31854
UX Designer,Mid (3-5 yrs),WA,91,112500,128000,144500,128231,107780,147231,39451
UX Designer,Senior (6-9 yrs),AZ,38,108500,130000,143500,128237,109684,146947,37263
UX Designer,Senior (6-9 yrs),CA,102,166250,188000,219500,190676,162118,218598,56480
UX Designer,Senior (6-9 yrs),CO,31,134500,143000,152500,145484,123258,168484,45226
UX Designer,Senior (6-9 yrs),DC,23,142500,161000,185000,163739,138391,188870,50479
UX Designer,Senior (6-9 yrs),FL,30,128250,144500,155750,141900,119200,162633,43433
UX Designer,Senior (6-9 yrs),GA,31,119000,128000,150000,133000,113032,152387,39355
UX Designer,Senior (6-9 yrs),IL,25,130000,144000,166000,146360,126080,168560,42480
UX Designer,Senior (6-9 yrs),MA,39,141000,164000,175000,161564,139667,186769,47102
UX Designer,Senior (6-9 yrs),MN,28,114750,132000,143500,130857,110929,149500,38571
UX Designer,Senior (6-9 yrs),NY,80,174000,189500,207000,192388,165362,220362,55000
UX Designer,Senior (6-9 yrs),OR,35,138000,150000,166500,153171,128229,176486,48257
UX Designer,Senior (6-9 yrs),Remote,84,117000,129000,144000,132155,111524,151536,40012
UX Designer,Senior (6-9 yrs),TX,61,132000,144000,154000,142131,119836,161508,41672
UX Designer,Senior (6-9 yrs),WA,77,153000,172000,186000,172922,146143,198065,51922
